living_area_sqm,asking_price_sek,typology
53.0,2250000.0,APARTMENT
27.0,1535000.0,APARTMENT
58.5,1450000.0,APARTMENT
51.0,995000.0,APARTMENT
78.5,4250000.0,APARTMENT
332.0,3995000.0,HOUSE
61.5,2600000.0,APARTMENT
96.0,3995000.0,APARTMENT
39.0,625000.0,APARTMENT
108.0,5450000.0,APARTMENT
31.0,5295000.0,APARTMENT
56.4,290000.0,APARTMENT
46.0,2490000.0,APARTMENT
45.0,2295000.0,APARTMENT
77.0,1795000.0,APARTMENT
49.0,2195000.0,APARTMENT
140.0,1395000.0,APARTMENT
64.0,925000.0,APARTMENT
234.0,4975000.0,HOUSE
41.0,1295000.0,APARTMENT
71.0,495000.0,APARTMENT
129.0,1195000.0,HOUSE
156.0,2990000.0,ROW_HOUSE
57.0,1890000.0,APARTMENT
62.0,2995000.0,APARTMENT
33.5,350000.0,APARTMENT
65.0,2595000.0,APARTMENT
140.0,3100000.0,HOUSE
296.0,5750000.0,HOUSE
388.0,4995000.0,HOUSE
26.5,695000.0,APARTMENT
160.0,6650000.0,HOUSE
56.0,3100000.0,APARTMENT
172.0,2800000.0,HOUSE
35.0,1595000.0,APARTMENT
61.5,1795000.0,APARTMENT
37.8,1695000.0,APARTMENT
114.0,3990000.0,APARTMENT
85.0,2145000.0,APARTMENT
34.0,1995000.0,APARTMENT
51.0,4250000.0,APARTMENT
60.0,995000.0,APARTMENT
92.5,6995000.0,APARTMENT
89.0,3195000.0,APARTMENT
53.0,2249000.0,APARTMENT
56.5,1250000.0,APARTMENT
30.0,1100000.0,APARTMENT
59.5,550000.0,APARTMENT
199.0,1995000.0,HOUSE
68.0,1995000.0,APARTMENT
37.0,1895000.0,APARTMENT
95.0,2495000.0,HOUSE
37.0,1595000.0,APARTMENT
74.0,2495000.0,ROW_HOUSE
60.0,2795000.0,APARTMENT
38.0,850000.0,APARTMENT
77.0,1495000.0,APARTMENT
59.0,2095000.0,APARTMENT
69.0,1390000.0,APARTMENT
141.0,2595000.0,HOUSE
38.0,1995000.0,APARTMENT
34.0,1850000.0,APARTMENT
165.0,5195000.0,ROW_HOUSE
101.0,4495000.0,APARTMENT
67.0,3395000.0,APARTMENT
42.0,895000.0,APARTMENT
43.0,3995000.0,APARTMENT
59.0,1695000.0,APARTMENT
119.0,1450000.0,HOUSE
82.5,1475000.0,APARTMENT
69.0,2395000.0,APARTMENT
102.2,2300000.0,ROW_HOUSE
232.0,3995000.0,HOUSE
72.0,3295000.0,APARTMENT
59.0,1645000.0,APARTMENT
35.0,1695000.0,APARTMENT
89.5,4995000.0,APARTMENT
65.0,1990000.0,APARTMENT
80.0,6295000.0,APARTMENT
95.0,4995000.0,APARTMENT
33.8,1695000.0,APARTMENT
40.5,995000.0,APARTMENT
114.0,2495000.0,ROW_HOUSE
180.0,1795000.0,HOUSE
41.2,1050000.0,APARTMENT
45.8,1995000.0,APARTMENT
50.0,1845000.0,APARTMENT
26.8,1495000.0,APARTMENT
41.0,1250000.0,APARTMENT
70.0,2250000.0,APARTMENT
118.0,4390000.0,ROW_HOUSE
71.0,2980000.0,APARTMENT
35.0,2495000.0,APARTMENT
136.0,5350000.0,HOUSE
77.0,785000.0,APARTMENT
177.0,7500000.0,HOUSE
54.5,1345000.0,APARTMENT
74.0,3695000.0,APARTMENT
55.0,395000.0,APARTMENT
144.0,3390000.0,ROW_HOUSE
203.0,4495000.0,APARTMENT
108.5,1195000.0,ROW_HOUSE
54.0,1900000.0,APARTMENT
63.0,1795000.0,APARTMENT
39.0,2600000.0,APARTMENT
52.0,3995000.0,APARTMENT
57.0,950000.0,APARTMENT
231.0,4175000.0,HOUSE
75.0,1695000.0,APARTMENT
46.0,2195000.0,APARTMENT
75.0,200000.0,APARTMENT
30.9,1395000.0,APARTMENT
260.0,1775000.0,HOUSE
86.5,995000.0,APARTMENT
75.5,1395000.0,APARTMENT
54.5,4495000.0,APARTMENT
44.8,1995000.0,APARTMENT
71.0,2150000.0,APARTMENT
76.0,1250000.0,APARTMENT
58.0,2250000.0,APARTMENT
60.5,950000.0,APARTMENT
209.0,3290000.0,HOUSE
122.0,1795000.0,APARTMENT
76.0,895000.0,APARTMENT
127.0,5395000.0,HOUSE
63.0,2850000.0,APARTMENT
35.0,1295000.0,APARTMENT
36.0,2095000.0,APARTMENT
259.0,2375000.0,HOUSE
54.0,1475000.0,APARTMENT
66.0,2495000.0,APARTMENT
100.9,2395000.0,APARTMENT
105.0,2995000.0,APARTMENT
143.0,725000.0,HOUSE
39.0,2575000.0,APARTMENT
117.0,2515000.0,ROW_HOUSE
102.5,3995000.0,APARTMENT
180.0,950000.0,HOUSE
180.0,2650000.0,HOUSE
36.0,2995000.0,APARTMENT
276.0,795000.0,HOUSE
125.0,6345000.0,ROW_HOUSE
58.5,1645000.0,APARTMENT
54.0,1495000.0,APARTMENT
48.0,2795000.0,APARTMENT
85.0,3490000.0,APARTMENT
62.4,2500000.0,APARTMENT
325.0,2975000.0,HOUSE
35.0,2995000.0,APARTMENT
122.0,3295000.0,APARTMENT
136.5,9950000.0,APARTMENT
60.0,1995000.0,APARTMENT
64.5,595000.0,APARTMENT
73.0,2200000.0,APARTMENT
76.0,980000.0,APARTMENT
72.5,2195000.0,APARTMENT
90.0,2395000.0,APARTMENT
98.0,4195000.0,APARTMENT
79.5,2250000.0,APARTMENT
128.0,975000.0,HOUSE
105.0,4695000.0,APARTMENT
232.0,350000.0,HOUSE
162.0,4695000.0,HOUSE
54.9,2595000.0,APARTMENT
110.0,3350000.0,APARTMENT
128.0,4995000.0,HOUSE
56.5,2980000.0,APARTMENT
38.0,1950000.0,APARTMENT
74.0,1795000.0,ROW_HOUSE
47.5,1700000.0,APARTMENT
108.0,2495000.0,ROW_HOUSE
81.0,2295000.0,APARTMENT
61.0,845000.0,APARTMENT
68.0,1995000.0,APARTMENT
65.0,1995000.0,APARTMENT
52.0,2495000.0,APARTMENT
52.0,1195000.0,APARTMENT
53.0,2295000.0,APARTMENT
68.0,1695000.0,APARTMENT
95.5,5607900.0,APARTMENT
80.0,1595000.0,APARTMENT
27.0,1095000.0,APARTMENT
24.0,3095000.0,APARTMENT
127.0,5500000.0,HOUSE
26.0,1595000.0,APARTMENT
147.0,2295000.0,HOUSE
182.0,3595000.0,HOUSE
93.0,3350000.0,APARTMENT
142.0,6475000.0,HOUSE
65.0,1290000.0,ROW_HOUSE
75.5,1495000.0,APARTMENT
89.0,3395000.0,APARTMENT
78.0,4795000.0,APARTMENT
236.0,1495000.0,HOUSE
69.0,2795000.0,APARTMENT
39.0,2850000.0,APARTMENT
68.0,1495000.0,APARTMENT
78.0,4495000.0,APARTMENT
104.0,7795000.0,APARTMENT
132.0,2100000.0,HOUSE
21.5,2450000.0,APARTMENT
112.0,1895000.0,HOUSE
50.5,1795000.0,APARTMENT
198.0,5275000.0,HOUSE
64.0,1295000.0,APARTMENT
60.5,2195000.0,APARTMENT
74.2,895000.0,APARTMENT
77.4,2595000.0,APARTMENT
119.0,4495000.0,ROW_HOUSE
76.0,1975000.0,APARTMENT
112.0,4995000.0,ROW_HOUSE
89.0,5995000.0,APARTMENT
55.0,2495000.0,APARTMENT
87.0,3295000.0,APARTMENT
249.0,9490000.0,HOUSE
76.5,2450000.0,APARTMENT
56.0,1995000.0,APARTMENT
217.0,2850000.0,HOUSE
91.0,3795000.0,APARTMENT
85.0,5750000.0,APARTMENT
83.0,2800000.0,APARTMENT
178.0,2950000.0,HOUSE
101.0,3295000.0,ROW_HOUSE
240.0,2995000.0,HOUSE
52.5,1695000.0,APARTMENT
90.0,5895000.0,APARTMENT
32.0,3595000.0,APARTMENT
65.0,1095000.0,APARTMENT
40.0,525000.0,APARTMENT
229.0,1175000.0,HOUSE
83.6,1495000.0,APARTMENT
56.6,325000.0,APARTMENT
62.0,2550000.0,APARTMENT
46.0,1675000.0,APARTMENT
66.0,1950000.0,APARTMENT
181.0,295000.0,HOUSE
68.0,2195000.0,APARTMENT
84.5,1895000.0,APARTMENT
46.0,2095000.0,APARTMENT
97.0,3195000.0,APARTMENT
58.0,1495000.0,APARTMENT
49.0,2950000.0,APARTMENT
206.0,7495000.0,HOUSE
71.5,1250000.0,APARTMENT
173.0,5950000.0,HOUSE
43.0,1275000.0,APARTMENT
68.0,3175000.0,APARTMENT
124.0,2150000.0,HOUSE
43.5,595000.0,APARTMENT
274.0,3695000.0,HOUSE
118.0,3395000.0,ROW_HOUSE
67.0,3650000.0,APARTMENT
54.0,525000.0,APARTMENT
207.0,1600000.0,HOUSE
65.0,2395000.0,APARTMENT
105.0,1995000.0,APARTMENT
55.4,1695000.0,APARTMENT
344.0,5495000.0,HOUSE
55.0,3230000.0,APARTMENT
69.0,2995000.0,APARTMENT
61.0,2980000.0,APARTMENT
55.5,1750000.0,APARTMENT
263.0,6500000.0,HOUSE
25.0,1550000.0,APARTMENT
49.5,225000.0,APARTMENT
200.0,8995000.0,HOUSE
51.5,1295000.0,APARTMENT
45.0,1850000.0,APARTMENT
119.0,2995000.0,APARTMENT
100.5,1749000.0,ROW_HOUSE
77.0,4245000.0,APARTMENT
45.0,925000.0,APARTMENT
321.0,4995000.0,HOUSE
63.0,1995000.0,APARTMENT
81.0,1395000.0,APARTMENT
40.0,3995000.0,APARTMENT
73.0,1695000.0,APARTMENT
120.0,3145000.0,APARTMENT
75.0,3700000.0,HOUSE
56.0,1995000.0,APARTMENT
248.0,4095000.0,HOUSE
39.0,2290000.0,APARTMENT
76.0,2150000.0,APARTMENT
54.0,1785000.0,APARTMENT
75.0,1450000.0,APARTMENT
34.0,1950000.0,APARTMENT
104.0,3150000.0,APARTMENT
64.0,2995000.0,APARTMENT
107.0,1295000.0,ROW_HOUSE
82.5,1395000.0,APARTMENT
142.0,3995000.0,APARTMENT
146.0,1695000.0,HOUSE
76.5,1195000.0,APARTMENT
81.0,8895000.0,APARTMENT
147.0,4895000.0,HOUSE
134.0,3095000.0,APARTMENT
23.0,550000.0,APARTMENT
76.0,1695000.0,APARTMENT
112.0,3995000.0,HOUSE
59.0,1795000.0,APARTMENT
81.0,1695000.0,ROW_HOUSE
97.0,895000.0,HOUSE
75.0,2950000.0,APARTMENT
37.0,1875000.0,APARTMENT
59.0,2395000.0,APARTMENT
56.0,2195000.0,APARTMENT
108.0,2695000.0,ROW_HOUSE
134.0,4195000.0,HOUSE
76.5,3400000.0,APARTMENT
58.0,1195000.0,APARTMENT
52.5,1795000.0,APARTMENT
30.0,2995000.0,APARTMENT
70.0,1295000.0,APARTMENT
221.0,3300000.0,HOUSE
39.0,1395000.0,APARTMENT
76.0,4495000.0,APARTMENT
107.0,2950000.0,APARTMENT
36.0,1795000.0,APARTMENT
85.0,2295000.0,APARTMENT
96.0,3450000.0,APARTMENT
65.0,2395000.0,APARTMENT
52.0,1250000.0,APARTMENT
175.0,5495000.0,ROW_HOUSE
37.5,1295000.0,APARTMENT
56.0,1550000.0,APARTMENT
62.0,2995000.0,APARTMENT
120.0,1995000.0,HOUSE
95.0,5345000.0,APARTMENT
32.2,1580000.0,APARTMENT
19.0,1475000.0,APARTMENT
67.7,2500000.0,APARTMENT
194.0,8495000.0,HOUSE
90.0,8925000.0,APARTMENT
237.0,4995000.0,HOUSE
52.5,1850000.0,APARTMENT
47.0,950000.0,APARTMENT
265.0,1395000.0,HOUSE
120.0,7995000.0,HOUSE
88.0,4195000.0,APARTMENT
38.0,1695000.0,APARTMENT
153.0,6995000.0,HOUSE
94.0,3695000.0,APARTMENT
140.0,6595000.0,APARTMENT
73.0,650000.0,APARTMENT
59.5,1995000.0,APARTMENT
85.0,2695000.0,APARTMENT
71.0,1950000.0,APARTMENT
47.0,1925000.0,APARTMENT
70.0,2495000.0,APARTMENT
54.0,2190000.0,APARTMENT
80.0,2595000.0,APARTMENT
102.0,5995000.0,APARTMENT
102.0,1995000.0,ROW_HOUSE
91.5,4995000.0,APARTMENT
73.0,2295000.0,APARTMENT
49.0,2295000.0,APARTMENT
27.6,1695000.0,APARTMENT
76.0,2995000.0,APARTMENT
109.0,4925000.0,APARTMENT
41.0,1195000.0,APARTMENT
77.0,1495000.0,APARTMENT
81.9,3895000.0,APARTMENT
34.5,2595000.0,APARTMENT
109.0,2750000.0,APARTMENT
192.0,5495000.0,HOUSE
79.0,1595000.0,APARTMENT
79.0,1995000.0,APARTMENT
71.0,535000.0,APARTMENT
56.3,2295000.0,APARTMENT
76.5,1995000.0,APARTMENT
148.0,2895000.0,HOUSE
45.0,1590000.0,APARTMENT
74.0,2995000.0,APARTMENT
105.0,2695000.0,HOUSE
114.0,2250000.0,HOUSE
37.0,1095000.0,APARTMENT
198.0,4490000.0,HOUSE
47.0,2495000.0,APARTMENT
146.0,1795000.0,APARTMENT
107.0,3995000.0,APARTMENT
201.0,3750000.0,HOUSE
87.0,4295000.0,APARTMENT
78.0,4195000.0,APARTMENT
100.0,2595000.0,APARTMENT
56.6,1595000.0,APARTMENT
81.0,1995000.0,APARTMENT
105.0,2395000.0,ROW_HOUSE
41.0,1495000.0,APARTMENT
71.0,375000.0,APARTMENT
233.0,1595000.0,HOUSE
71.0,1595000.0,APARTMENT
103.0,1875000.0,APARTMENT
121.0,1895000.0,HOUSE
127.0,750000.0,HOUSE
230.0,3995000.0,HOUSE
77.0,795000.0,APARTMENT
75.0,555000.0,APARTMENT
76.6,1595000.0,APARTMENT
51.5,1350000.0,APARTMENT
30.0,2750000.0,APARTMENT
79.5,4195000.0,APARTMENT
56.0,2595000.0,APARTMENT
144.0,4995000.0,HOUSE
199.0,9500000.0,ROW_HOUSE
51.0,1795000.0,APARTMENT
54.0,1645000.0,APARTMENT
60.0,950000.0,HOUSE
60.0,3495000.0,APARTMENT
180.0,8500000.0,HOUSE
158.0,2750000.0,HOUSE
41.0,1550000.0,APARTMENT
242.0,5995000.0,HOUSE
114.0,3300000.0,HOUSE
40.0,1895000.0,APARTMENT
67.0,1895000.0,APARTMENT
231.0,850000.0,HOUSE
76.0,4195000.0,APARTMENT
235.0,5795000.0,HOUSE
76.0,1995000.0,APARTMENT
40.0,1295000.0,APARTMENT
62.0,2595000.0,APARTMENT
81.0,3100000.0,APARTMENT
125.0,7495000.0,APARTMENT
43.0,2690000.0,APARTMENT
69.0,6475000.0,APARTMENT
85.0,2030000.0,APARTMENT
113.0,4995000.0,APARTMENT
112.0,7995000.0,APARTMENT
61.0,3495000.0,APARTMENT
97.0,5400000.0,APARTMENT
78.5,1100000.0,APARTMENT
54.0,1100000.0,APARTMENT
83.0,3295000.0,APARTMENT
76.0,8450000.0,APARTMENT
126.0,3695000.0,HOUSE
43.0,1595000.0,APARTMENT
60.5,1395000.0,APARTMENT
146.0,995000.0,APARTMENT
43.0,2795000.0,APARTMENT
56.0,2095000.0,APARTMENT
89.0,3295000.0,APARTMENT
59.0,2195000.0,APARTMENT
54.0,1495000.0,APARTMENT
56.0,330000.0,APARTMENT
82.1,2650000.0,APARTMENT
80.0,3195000.0,APARTMENT
53.0,1295000.0,APARTMENT
52.5,1895000.0,APARTMENT
85.0,1995000.0,APARTMENT
77.0,1000000.0,APARTMENT
64.0,1145000.0,APARTMENT
171.10000000000002,1295000.0,HOUSE
123.0,4295000.0,ROW_HOUSE
173.0,2975000.0,HOUSE
65.5,1695000.0,APARTMENT
118.0,5700000.0,ROW_HOUSE
68.0,2995000.0,APARTMENT
67.0,2395000.0,APARTMENT
86.0,950000.0,APARTMENT
55.0,2595000.0,APARTMENT
186.0,3695000.0,HOUSE
187.0,2995000.0,HOUSE
66.0,1795000.0,APARTMENT
53.0,1295000.0,APARTMENT
113.0,1795000.0,APARTMENT
58.0,1195000.0,APARTMENT
67.0,5495000.0,APARTMENT
61.0,1995000.0,APARTMENT
73.2,2995000.0,APARTMENT
47.0,2695000.0,APARTMENT
99.0,3900000.0,HOUSE
65.0,1895000.0,APARTMENT
87.0,5495000.0,APARTMENT
120.0,2350000.0,ROW_HOUSE
38.0,1750000.0,APARTMENT
110.0,1795000.0,HOUSE
175.0,4990000.0,HOUSE
29.0,695000.0,APARTMENT
35.0,2150000.0,APARTMENT
24.5,100000.0,APARTMENT
195.0,4990000.0,HOUSE
107.0,2795000.0,ROW_HOUSE
52.5,5650000.0,APARTMENT
80.0,2295000.0,APARTMENT
128.8,4475000.0,HOUSE
44.5,795000.0,APARTMENT
215.0,4395000.0,HOUSE
190.0,995000.0,HOUSE
75.0,3495000.0,APARTMENT
79.0,3895000.0,APARTMENT
65.0,2449000.0,APARTMENT
89.0,4495000.0,APARTMENT
56.0,6790000.0,APARTMENT
70.0,2395000.0,APARTMENT
76.0,1895000.0,APARTMENT
80.0,1995000.0,APARTMENT
65.0,2195000.0,APARTMENT
161.0,795000.0,HOUSE
33.0,1995000.0,APARTMENT
72.0,3195000.0,APARTMENT
44.0,1725000.0,APARTMENT
193.0,1595000.0,HOUSE
73.0,690000.0,APARTMENT
33.5,2150000.0,APARTMENT
81.5,4395000.0,APARTMENT
64.0,1925000.0,APARTMENT
58.0,7600000.0,APARTMENT
140.0,2990000.0,ROW_HOUSE
212.0,2500000.0,ROW_HOUSE
51.0,1250000.0,APARTMENT
63.0,2495000.0,APARTMENT
73.0,2295000.0,APARTMENT
62.5,1795000.0,APARTMENT
145.6,5400000.0,HOUSE
29.0,1295000.0,APARTMENT
38.5,470000.0,APARTMENT
304.8,2195000.0,HOUSE
30.1,445000.0,APARTMENT
78.5,1795000.0,APARTMENT
83.4,2150000.0,APARTMENT
90.0,5500000.0,APARTMENT
72.0,2275000.0,APARTMENT
60.0,1695000.0,APARTMENT
102.0,2850000.0,APARTMENT
54.0,1850000.0,APARTMENT
56.5,975000.0,APARTMENT
172.0,3850000.0,HOUSE
46.0,1600000.0,APARTMENT
222.0,5995000.0,HOUSE
137.0,3295000.0,HOUSE
61.0,1790000.0,APARTMENT
153.9,7700000.0,APARTMENT
40.0,875000.0,APARTMENT
117.0,2450000.0,HOUSE
73.0,1895000.0,APARTMENT
44.5,1995000.0,APARTMENT
95.0,3875000.0,APARTMENT
33.0,3750000.0,APARTMENT
80.0,400000.0,HOUSE
77.0,3995000.0,APARTMENT
34.0,3995000.0,APARTMENT
58.5,995000.0,APARTMENT
122.0,2795000.0,ROW_HOUSE
107.0,1400000.0,HOUSE
57.0,1800000.0,APARTMENT
39.0,325000.0,APARTMENT
198.0,4175000.0,HOUSE
156.0,6500000.0,HOUSE
78.0,2395000.0,APARTMENT
68.0,1495000.0,APARTMENT
42.5,370000.0,APARTMENT
180.0,3995000.0,HOUSE
72.0,2050000.0,APARTMENT
192.0,7995000.0,HOUSE
62.5,1390000.0,APARTMENT
37.0,1890000.0,APARTMENT
35.0,675000.0,APARTMENT
115.0,2750000.0,APARTMENT
70.0,1095000.0,APARTMENT
184.0,3200000.0,ROW_HOUSE
84.0,1100000.0,HOUSE
87.0,2750000.0,HOUSE
36.0,1350000.0,APARTMENT
92.0,2700000.0,APARTMENT
36.0,2950000.0,APARTMENT
71.5,2875000.0,APARTMENT
35.0,1850000.0,APARTMENT
91.0,4550000.0,APARTMENT
72.0,1995000.0,APARTMENT
129.0,5495000.0,HOUSE
46.0,2495000.0,APARTMENT
101.0,3400000.0,APARTMENT
85.0,3990000.0,APARTMENT
55.5,4495000.0,APARTMENT
42.0,1395000.0,APARTMENT
105.0,890000.0,APARTMENT
50.0,595000.0,APARTMENT
63.0,1825000.0,APARTMENT
210.0,2650000.0,HOUSE
65.5,2195000.0,APARTMENT
49.0,2295000.0,APARTMENT
53.0,1595000.0,APARTMENT
66.5,1750000.0,APARTMENT
109.0,1995000.0,HOUSE
66.0,1795000.0,APARTMENT
39.4,1750000.0,APARTMENT
64.5,3290000.0,APARTMENT
75.5,1400000.0,APARTMENT
55.0,3495000.0,APARTMENT
260.0,5995000.0,HOUSE
135.0,3500000.0,HOUSE
59.0,1395000.0,APARTMENT
176.0,2195000.0,HOUSE
57.0,2495000.0,APARTMENT
57.0,1795000.0,APARTMENT
80.0,1450000.0,APARTMENT
72.0,1995000.0,APARTMENT
260.0,8550000.0,HOUSE
28.0,1495000.0,APARTMENT
72.0,2295000.0,APARTMENT
55.5,2490000.0,APARTMENT
48.0,995000.0,APARTMENT
51.5,2395000.0,APARTMENT
111.0,3150000.0,ROW_HOUSE
85.0,2895000.0,APARTMENT
192.0,2395000.0,HOUSE
77.0,3150000.0,APARTMENT
103.0,3750000.0,ROW_HOUSE
50.9,2995000.0,APARTMENT
68.0,1495000.0,APARTMENT
78.5,1995000.0,APARTMENT
58.5,1975000.0,APARTMENT
70.0,1995000.0,APARTMENT
67.6,1695000.0,APARTMENT
52.1,2995000.0,APARTMENT
100.0,4195000.0,APARTMENT
87.0,2295000.0,APARTMENT
52.5,2695000.0,APARTMENT
36.0,1595000.0,APARTMENT
59.5,595000.0,APARTMENT
77.0,2195000.0,APARTMENT
270.0,4100000.0,HOUSE
63.0,2295000.0,APARTMENT
24.8,695000.0,APARTMENT
250.0,3695000.0,HOUSE
51.0,2000000.0,APARTMENT
45.0,1900000.0,APARTMENT
55.5,400000.0,APARTMENT
90.0,1995000.0,APARTMENT
37.0,1395000.0,APARTMENT
73.0,2395000.0,APARTMENT
46.0,2250000.0,APARTMENT
81.0,3450000.0,APARTMENT
91.0,295000.0,APARTMENT
38.5,1795000.0,APARTMENT
309.0,1395000.0,HOUSE
40.0,1545000.0,APARTMENT
102.0,2995000.0,APARTMENT
87.0,3250000.0,APARTMENT
36.5,850000.0,APARTMENT
69.0,2695000.0,APARTMENT
83.0,2795000.0,APARTMENT
150.0,6300000.0,HOUSE
86.6,1895000.0,APARTMENT
52.5,1350000.0,APARTMENT
99.0,2450000.0,APARTMENT
62.0,2990000.0,APARTMENT
44.0,2995000.0,APARTMENT
151.0,2350000.0,HOUSE
49.5,1795000.0,APARTMENT
124.0,6995000.0,APARTMENT
63.0,750000.0,APARTMENT
84.0,1995000.0,ROW_HOUSE
125.0,4595000.0,ROW_HOUSE
78.0,3550000.0,APARTMENT
56.0,945000.0,APARTMENT
101.0,3995000.0,HOUSE
73.5,1795000.0,APARTMENT
170.0,3495000.0,HOUSE
146.5,8250000.0,APARTMENT
100.0,8290000.0,APARTMENT
170.0,7500000.0,HOUSE
49.0,1995000.0,APARTMENT
46.0,2290000.0,APARTMENT
65.0,3250000.0,APARTMENT
188.0,1775000.0,HOUSE
55.0,2195000.0,APARTMENT
96.0,2995000.0,HOUSE
114.0,525000.0,HOUSE
31.0,1695000.0,APARTMENT
90.0,1995000.0,APARTMENT
174.0,2295000.0,HOUSE
72.7,1595000.0,APARTMENT
73.0,2195000.0,HOUSE
55.0,1295000.0,APARTMENT
76.0,2595000.0,APARTMENT
116.0,275000.0,APARTMENT
235.0,7800000.0,HOUSE
40.0,3095000.0,APARTMENT
67.0,3250000.0,APARTMENT
108.0,3250000.0,APARTMENT
68.0,1895000.0,APARTMENT
25.5,595000.0,APARTMENT
91.0,4295000.0,APARTMENT
45.0,995000.0,APARTMENT
47.0,2395000.0,APARTMENT
61.5,595000.0,APARTMENT
54.0,3995000.0,APARTMENT
173.0,2425000.0,HOUSE
64.0,595000.0,APARTMENT
26.0,350000.0,APARTMENT
60.0,1450000.0,APARTMENT
113.5,950000.0,APARTMENT
25.5,1395000.0,APARTMENT
81.2,1345000.0,APARTMENT
66.0,1495000.0,APARTMENT
40.0,1295000.0,APARTMENT
39.5,1795000.0,APARTMENT
60.0,1175000.0,APARTMENT
69.0,3795000.0,APARTMENT
77.5,1295000.0,APARTMENT
80.1,1495000.0,APARTMENT
89.0,4995000.0,APARTMENT
111.5,4795000.0,APARTMENT
66.5,1595000.0,APARTMENT
41.5,1595000.0,APARTMENT
36.0,2495000.0,APARTMENT
205.0,8300000.0,HOUSE
152.0,4745000.0,HOUSE
82.8,2400000.0,APARTMENT
39.0,1595000.0,APARTMENT
96.0,4450000.0,APARTMENT
105.0,4495000.0,APARTMENT
115.0,3900000.0,ROW_HOUSE
37.0,2195000.0,APARTMENT
94.4,2450000.0,APARTMENT
45.0,2200000.0,APARTMENT
56.0,2395000.0,APARTMENT
92.0,3995000.0,APARTMENT
47.0,845000.0,APARTMENT
112.0,3500000.0,HOUSE
44.0,750000.0,APARTMENT
35.0,2795000.0,APARTMENT
110.0,750000.0,HOUSE
54.0,4495000.0,APARTMENT
25.5,695000.0,APARTMENT
70.0,2395000.0,APARTMENT
50.0,1495000.0,APARTMENT
31.0,1995000.0,APARTMENT
50.0,1695000.0,APARTMENT
100.0,2595000.0,APARTMENT
100.6,2595000.0,APARTMENT
210.0,1295000.0,HOUSE
40.5,1200000.0,APARTMENT
28.0,1595000.0,APARTMENT
17.0,1195000.0,APARTMENT
86.3,3700000.0,APARTMENT
76.5,1750000.0,APARTMENT
53.0,3395000.0,APARTMENT
24.0,1195000.0,APARTMENT
56.0,1845000.0,APARTMENT
62.0,2895000.0,HOUSE
136.0,1400000.0,HOUSE
59.0,4790000.0,APARTMENT
225.0,9875000.0,HOUSE
270.0,1800000.0,HOUSE
53.0,1475000.0,APARTMENT
78.0,4795000.0,APARTMENT
65.5,2550000.0,APARTMENT
33.0,1665000.0,APARTMENT
86.0,2475000.0,APARTMENT
26.0,1295000.0,APARTMENT
117.0,2695000.0,ROW_HOUSE
199.0,5550000.0,HOUSE
55.0,1995000.0,APARTMENT
31.0,1450000.0,APARTMENT
272.0,4200000.0,HOUSE
110.0,645000.0,HOUSE
43.0,2995000.0,APARTMENT
226.0,4250000.0,HOUSE
36.5,1590000.0,APARTMENT
24.0,1850000.0,APARTMENT
26.0,2095000.0,APARTMENT
38.0,1395000.0,APARTMENT
145.0,2595000.0,HOUSE
54.5,2095000.0,APARTMENT
81.5,1495000.0,APARTMENT
29.0,1295000.0,APARTMENT
75.0,2295000.0,APARTMENT
60.0,2275000.0,APARTMENT
33.0,1795000.0,APARTMENT
42.0,3995000.0,APARTMENT
68.5,850000.0,APARTMENT
237.0,1150000.0,HOUSE
71.0,7500000.0,APARTMENT
94.0,2800000.0,APARTMENT
55.0,2100000.0,APARTMENT
60.0,1695000.0,APARTMENT
35.0,1950000.0,APARTMENT
68.0,2890000.0,APARTMENT
143.0,1995000.0,HOUSE
206.0,7495000.0,HOUSE
230.0,2750000.0,HOUSE
52.5,795000.0,APARTMENT
41.5,795000.0,APARTMENT
55.0,3995000.0,APARTMENT
259.0,2250000.0,HOUSE
76.0,1895000.0,APARTMENT
24.0,1950000.0,APARTMENT
250.0,3595000.0,HOUSE
55.0,1295000.0,APARTMENT
105.0,1050000.0,HOUSE
56.5,2295000.0,APARTMENT
125.0,2995000.0,HOUSE
53.0,1995000.0,APARTMENT
191.0,1590000.0,HOUSE
63.0,5450000.0,APARTMENT
51.0,2150000.0,APARTMENT
73.0,1150000.0,APARTMENT
220.0,6300000.0,HOUSE
78.0,1695000.0,APARTMENT
83.0,1295000.0,APARTMENT
52.0,3295000.0,APARTMENT
63.0,1725000.0,APARTMENT
89.0,1995000.0,APARTMENT
70.0,1895000.0,APARTMENT
35.5,1750000.0,APARTMENT
80.0,3190000.0,APARTMENT
63.0,2150000.0,APARTMENT
137.0,4995000.0,HOUSE
165.0,1950000.0,HOUSE
40.0,1650000.0,APARTMENT
72.0,3395000.0,APARTMENT
79.0,3195000.0,APARTMENT
87.0,1995000.0,APARTMENT
129.0,1195000.0,HOUSE
77.0,5095000.0,APARTMENT
189.0,4200000.0,HOUSE
148.0,2275000.0,HOUSE
54.0,2295000.0,APARTMENT
73.0,1695000.0,APARTMENT
207.0,3495000.0,HOUSE
267.0,4695000.0,HOUSE
78.5,6150000.0,APARTMENT
71.0,2100000.0,APARTMENT
77.0,895000.0,HOUSE
149.0,1995000.0,APARTMENT
209.0,6595000.0,HOUSE
39.0,1875000.0,APARTMENT
36.0,750000.0,APARTMENT
282.0,3195000.0,HOUSE
35.0,1760000.0,APARTMENT
84.0,8090000.0,APARTMENT
206.0,875000.0,HOUSE
99.0,2895000.0,APARTMENT
93.0,6995000.0,APARTMENT
81.5,2395000.0,APARTMENT
242.0,2495000.0,HOUSE
346.0,2995000.0,HOUSE
95.0,5590000.0,APARTMENT
110.0,4995000.0,ROW_HOUSE
258.0,7395000.0,HOUSE
155.0,5950000.0,APARTMENT
89.0,2495000.0,APARTMENT
54.2,1895000.0,APARTMENT
170.0,2495000.0,HOUSE
98.0,3750000.0,APARTMENT
96.0,4495000.0,HOUSE
62.0,3695000.0,APARTMENT
66.0,2495000.0,APARTMENT
82.0,3295000.0,APARTMENT
98.0,2395000.0,APARTMENT
100.0,4195000.0,APARTMENT
118.0,1695000.0,HOUSE
155.0,3250000.0,HOUSE
63.0,795000.0,APARTMENT
70.0,2100000.0,APARTMENT
72.0,1850000.0,APARTMENT
83.5,2250000.0,APARTMENT
77.0,6950000.0,APARTMENT
24.0,1590000.0,APARTMENT
138.0,4250000.0,ROW_HOUSE
43.0,1895000.0,APARTMENT
72.0,6750000.0,APARTMENT
59.0,2690000.0,APARTMENT
105.0,490000.0,HOUSE
65.5,1295000.0,APARTMENT
52.0,3995000.0,APARTMENT
92.3,4995000.0,APARTMENT
318.0,6495000.0,HOUSE
48.0,2350000.0,APARTMENT
57.0,1795000.0,APARTMENT
23.0,2595000.0,APARTMENT
84.5,1495000.0,APARTMENT
77.5,1100000.0,APARTMENT
112.6,3475000.0,ROW_HOUSE
52.5,2295000.0,APARTMENT
31.2,1550000.0,APARTMENT
92.0,2695000.0,APARTMENT
36.0,1895000.0,APARTMENT
74.0,1995000.0,APARTMENT
66.0,2995000.0,APARTMENT
95.5,2895000.0,APARTMENT
79.0,4760000.0,APARTMENT
42.9,595000.0,APARTMENT
76.5,1495000.0,APARTMENT
98.0,4695000.0,APARTMENT
61.5,2290000.0,APARTMENT
48.8,1350000.0,APARTMENT
190.0,8995000.0,HOUSE
43.0,1195000.0,APARTMENT
19.0,645000.0,APARTMENT
154.0,1995000.0,APARTMENT
145.9,7200000.0,HOUSE
53.5,1795000.0,APARTMENT
115.0,2750000.0,HOUSE
58.5,1895000.0,APARTMENT
111.0,4495000.0,APARTMENT
224.0,500000.0,HOUSE
156.0,1995000.0,HOUSE
90.0,1400000.0,HOUSE
106.2,1375000.0,ROW_HOUSE
77.0,7895000.0,APARTMENT
51.0,2550000.0,APARTMENT
100.0,6495000.0,APARTMENT
153.0,5895000.0,HOUSE
56.6,1495000.0,APARTMENT
51.0,1895000.0,APARTMENT
42.5,1095000.0,APARTMENT
84.5,1900000.0,APARTMENT
23.0,1350000.0,APARTMENT
84.0,1295000.0,APARTMENT
125.0,4995000.0,HOUSE
148.0,1795000.0,HOUSE
81.0,4695000.0,APARTMENT
55.0,3750000.0,APARTMENT
43.0,1250000.0,APARTMENT
48.0,3350000.0,APARTMENT
57.5,2195000.0,APARTMENT
60.0,1295000.0,APARTMENT
69.0,3500000.0,APARTMENT
120.0,4950000.0,ROW_HOUSE
88.0,5895000.0,HOUSE
62.0,2695000.0,APARTMENT
101.0,1450000.0,HOUSE
48.0,4795000.0,APARTMENT
90.0,1990000.0,ROW_HOUSE
143.0,8295000.0,HOUSE
28.0,895000.0,APARTMENT
52.0,1095000.0,APARTMENT
93.0,3998000.0,APARTMENT
296.0,4590000.0,HOUSE
161.0,2395000.0,HOUSE
180.0,1290000.0,HOUSE
215.0,2200000.0,HOUSE
41.0,2650000.0,APARTMENT
67.9,2495000.0,APARTMENT
258.0,5795000.0,HOUSE
55.0,1750000.0,APARTMENT
57.0,2195000.0,APARTMENT
124.3,3960000.0,ROW_HOUSE
35.0,1290000.0,APARTMENT
52.0,895000.0,APARTMENT
41.0,2095000.0,APARTMENT
44.0,1290000.0,APARTMENT
45.0,1195000.0,APARTMENT
230.0,2895000.0,HOUSE
78.5,850000.0,APARTMENT
206.0,1650000.0,HOUSE
126.0,2346000.0,APARTMENT
31.5,1395000.0,APARTMENT
250.0,1895000.0,HOUSE
70.0,1695000.0,APARTMENT
106.0,4250000.0,APARTMENT
79.0,4495000.0,APARTMENT
176.0,9995000.0,HOUSE
74.0,2595000.0,APARTMENT
37.0,1495000.0,APARTMENT
66.0,3750000.0,APARTMENT
70.2,2075000.0,APARTMENT
123.0,4695000.0,HOUSE
69.0,950000.0,APARTMENT
180.0,1280000.0,HOUSE
81.9,1795000.0,APARTMENT
55.0,2295000.0,APARTMENT
126.0,7490000.0,HOUSE
36.0,2995000.0,APARTMENT
142.0,1600000.0,HOUSE
31.0,1650000.0,APARTMENT
183.0,2795000.0,HOUSE
80.0,2200000.0,APARTMENT
46.5,845000.0,APARTMENT
64.0,1750000.0,APARTMENT
54.0,550000.0,APARTMENT
235.0,3395000.0,HOUSE
41.4,2180000.0,APARTMENT
49.5,2795000.0,APARTMENT
100.0,895000.0,HOUSE
43.0,2695000.0,APARTMENT
48.0,1995000.0,APARTMENT
80.0,850000.0,APARTMENT
42.0,1550000.0,APARTMENT
75.6,1200000.0,APARTMENT
89.0,2495000.0,APARTMENT
95.0,4995000.0,APARTMENT
64.0,3195000.0,APARTMENT
111.5,2350000.0,APARTMENT
30.0,3150000.0,APARTMENT
80.0,975000.0,APARTMENT
232.0,3495000.0,HOUSE
168.0,3695000.0,HOUSE
35.0,1650000.0,APARTMENT
78.0,2850000.0,APARTMENT
78.0,1995000.0,HOUSE
161.0,3295000.0,HOUSE
65.0,9600000.0,APARTMENT
33.0,3650000.0,APARTMENT
82.0,2995000.0,APARTMENT
179.0,7795000.0,HOUSE
69.5,2095000.0,APARTMENT
155.5,2895000.0,ROW_HOUSE
118.0,3695000.0,APARTMENT
43.1,1100000.0,APARTMENT
212.0,5495000.0,HOUSE
181.0,2395000.0,APARTMENT
75.3,3895000.0,APARTMENT
149.0,4375000.0,HOUSE
82.0,3790000.0,ROW_HOUSE
50.0,1695000.0,APARTMENT
39.5,449000.0,APARTMENT
89.0,3895000.0,APARTMENT
81.0,1795000.0,APARTMENT
55.0,2550000.0,APARTMENT
123.6,5550000.0,HOUSE
55.0,3175000.0,APARTMENT
45.5,850000.0,APARTMENT
131.0,4800000.0,APARTMENT
38.0,1995000.0,APARTMENT
100.0,3695000.0,APARTMENT
112.0,1895000.0,HOUSE
134.0,1295000.0,APARTMENT
57.5,1495000.0,APARTMENT
122.0,1500000.0,HOUSE
56.0,4495000.0,APARTMENT
273.0,2795000.0,HOUSE
153.5,2995000.0,APARTMENT
132.0,3695000.0,APARTMENT
70.0,995000.0,APARTMENT
70.0,850000.0,APARTMENT
50.5,2895000.0,APARTMENT
50.0,2390000.0,APARTMENT
199.0,4250000.0,HOUSE
218.0,5595000.0,HOUSE
238.0,2295000.0,HOUSE
169.0,5295000.0,HOUSE
76.0,8500000.0,APARTMENT
101.3,3350000.0,APARTMENT
78.0,2995000.0,APARTMENT
129.0,4495000.0,HOUSE
47.5,1395000.0,APARTMENT
84.0,2395000.0,APARTMENT
53.5,1990000.0,APARTMENT
145.0,1690000.0,HOUSE
42.0,1890000.0,APARTMENT
52.0,2375000.0,APARTMENT
56.0,795000.0,APARTMENT
32.0,1296000.0,APARTMENT
82.0,4395000.0,APARTMENT
212.0,5995000.0,HOUSE
62.0,2995000.0,APARTMENT
149.0,4995000.0,HOUSE
134.0,795000.0,HOUSE
54.0,2595000.0,APARTMENT
21.2,995000.0,APARTMENT
125.0,975000.0,APARTMENT
107.0,3095000.0,APARTMENT
225.0,6000000.0,HOUSE
67.0,2495000.0,APARTMENT
129.0,6895000.0,APARTMENT
180.0,1350000.0,HOUSE
86.0,2150000.0,APARTMENT
30.5,350000.0,APARTMENT
216.0,795000.0,HOUSE
63.3,1475000.0,APARTMENT
111.0,7250000.0,APARTMENT
70.0,2295000.0,APARTMENT
64.5,1995000.0,APARTMENT
86.0,4195000.0,APARTMENT
61.0,1850000.0,APARTMENT
106.5,1285000.0,APARTMENT
154.0,2995000.0,ROW_HOUSE
110.0,3595000.0,APARTMENT
40.0,1875000.0,APARTMENT
112.0,2795000.0,APARTMENT
73.0,2195000.0,APARTMENT
74.0,2795000.0,APARTMENT
28.0,1395000.0,APARTMENT
31.0,875000.0,APARTMENT
121.0,4295000.0,HOUSE
46.0,1290000.0,APARTMENT
63.5,1095000.0,APARTMENT
72.0,1360000.0,APARTMENT
132.0,3295000.0,ROW_HOUSE
189.0,6495000.0,HOUSE
135.0,4995000.0,HOUSE
95.0,2495000.0,APARTMENT
111.0,2085000.0,HOUSE
60.8,1795000.0,APARTMENT
52.0,1595000.0,APARTMENT
35.0,2175000.0,APARTMENT
73.5,1245000.0,APARTMENT
210.0,2795000.0,HOUSE
95.5,1695000.0,APARTMENT
37.5,3550000.0,APARTMENT
250.0,3395000.0,HOUSE
109.0,6495000.0,APARTMENT
89.0,2195000.0,APARTMENT
151.5,4995000.0,ROW_HOUSE
104.0,3395000.0,APARTMENT
60.0,2695000.0,APARTMENT
45.0,650000.0,APARTMENT
41.0,1195000.0,APARTMENT
105.0,1800000.0,APARTMENT
55.0,2895000.0,APARTMENT
95.0,3795000.0,APARTMENT
57.0,1795000.0,APARTMENT
60.0,1995000.0,APARTMENT
136.0,9995000.0,ROW_HOUSE
34.0,1995000.0,APARTMENT
67.5,2395000.0,APARTMENT
79.5,1850000.0,APARTMENT
97.0,4995000.0,APARTMENT
82.5,1250000.0,APARTMENT
86.0,9495000.0,APARTMENT
39.5,1395000.0,APARTMENT
80.0,995000.0,APARTMENT
54.0,1795000.0,APARTMENT
88.0,5995000.0,APARTMENT
104.0,5195000.0,ROW_HOUSE
77.5,1550000.0,APARTMENT
180.0,2200000.0,HOUSE
99.0,3490000.0,ROW_HOUSE
250.0,3500000.0,HOUSE
166.0,4695000.0,HOUSE
151.0,3495000.0,HOUSE
80.0,2495000.0,HOUSE
157.0,1990000.0,HOUSE
210.0,6995000.0,HOUSE
59.0,1495000.0,APARTMENT
76.0,200000.0,HOUSE
72.0,1995000.0,APARTMENT
125.0,2995000.0,APARTMENT
66.0,230000.0,APARTMENT
70.0,3295000.0,APARTMENT
326.0,5750000.0,HOUSE
163.0,3500000.0,HOUSE
45.0,1595000.0,APARTMENT
62.0,1860000.0,APARTMENT
66.5,695000.0,APARTMENT
96.3,3550000.0,APARTMENT
34.0,895000.0,APARTMENT
44.5,850000.0,APARTMENT
126.0,600000.0,HOUSE
55.5,1795000.0,APARTMENT
73.0,1895000.0,APARTMENT
35.0,2395000.0,APARTMENT
150.0,4995000.0,ROW_HOUSE
97.0,3000000.0,APARTMENT
26.0,1925000.0,APARTMENT
71.0,1650000.0,APARTMENT
206.0,1095000.0,HOUSE
78.0,2395000.0,APARTMENT
30.0,820000.0,APARTMENT
59.5,1100000.0,APARTMENT
90.0,2700000.0,APARTMENT
72.0,2895000.0,APARTMENT
182.0,7495000.0,HOUSE
98.0,5745000.0,APARTMENT
156.0,1995000.0,HOUSE
62.0,3995000.0,APARTMENT
74.9,995000.0,APARTMENT
206.0,1250000.0,HOUSE
81.0,3695000.0,APARTMENT
39.0,1690000.0,APARTMENT
57.0,1695000.0,APARTMENT
93.0,300000.0,HOUSE
95.0,4795000.0,APARTMENT
42.0,1745000.0,APARTMENT
79.5,1750000.0,APARTMENT
42.0,1795000.0,APARTMENT
143.0,2700000.0,HOUSE
65.5,2695000.0,APARTMENT
84.0,6250000.0,APARTMENT
87.0,4295000.0,APARTMENT
263.0,1250000.0,HOUSE
73.0,1895000.0,APARTMENT
120.0,3995000.0,ROW_HOUSE
57.0,1795000.0,APARTMENT
80.0,4350000.0,APARTMENT
69.9,1300000.0,APARTMENT
71.5,1695000.0,APARTMENT
80.0,2775000.0,APARTMENT
96.5,2750000.0,APARTMENT
116.0,995000.0,HOUSE
81.0,2995000.0,APARTMENT
79.0,1995000.0,APARTMENT
117.0,6500000.0,APARTMENT
79.0,1945000.0,APARTMENT
75.0,9750000.0,APARTMENT
115.0,2495000.0,APARTMENT
81.0,2895000.0,APARTMENT
225.0,3295000.0,HOUSE
182.0,3750000.0,HOUSE
47.0,1850000.0,APARTMENT
172.0,4200000.0,HOUSE
27.0,1695000.0,APARTMENT
202.0,2700000.0,HOUSE
39.0,2295000.0,APARTMENT
187.0,2695000.0,HOUSE
64.0,1250000.0,APARTMENT
99.0,1395000.0,HOUSE
185.0,3495000.0,HOUSE
59.0,1795000.0,APARTMENT
127.0,3895000.0,ROW_HOUSE
76.3,1650000.0,APARTMENT
54.5,1775000.0,APARTMENT
51.5,495000.0,APARTMENT
39.0,3195000.0,APARTMENT
115.0,3895000.0,HOUSE
45.0,2250000.0,APARTMENT
121.0,2795000.0,APARTMENT
83.0,3295000.0,APARTMENT
82.0,1195000.0,APARTMENT
191.0,3295000.0,HOUSE
209.0,1450000.0,HOUSE
117.0,3395000.0,ROW_HOUSE
270.0,6900000.0,HOUSE
122.0,4495000.0,HOUSE
29.0,1950000.0,APARTMENT
55.0,2275000.0,APARTMENT
170.0,4495000.0,HOUSE
47.5,1395000.0,APARTMENT
127.0,1995000.0,HOUSE
78.0,1250000.0,APARTMENT
157.0,5300000.0,HOUSE
55.0,375000.0,APARTMENT
46.0,2545000.0,APARTMENT
58.5,1895000.0,APARTMENT
85.0,2195000.0,APARTMENT
88.0,3595000.0,APARTMENT
124.0,5375000.0,APARTMENT
210.0,2995000.0,HOUSE
64.0,3495000.0,APARTMENT
76.5,1495000.0,APARTMENT
82.0,1385000.0,APARTMENT
35.0,1995000.0,APARTMENT
55.0,2695000.0,APARTMENT
133.0,4345000.0,APARTMENT
133.0,2595000.0,HOUSE
46.5,995000.0,APARTMENT
78.0,1375000.0,HOUSE
61.0,1795000.0,APARTMENT
124.0,4995000.0,HOUSE
53.7,1275000.0,APARTMENT
85.0,5350000.0,APARTMENT
70.7,4295000.0,APARTMENT
77.8,2995000.0,APARTMENT
52.5,1295000.0,APARTMENT
55.0,1550000.0,APARTMENT
73.0,4095000.0,APARTMENT
55.0,2600000.0,APARTMENT
99.0,2395000.0,APARTMENT
81.0,2595000.0,APARTMENT
35.4,1295000.0,APARTMENT
54.0,1095000.0,APARTMENT
64.9,1995000.0,APARTMENT
41.0,1300000.0,APARTMENT
132.0,3250000.0,HOUSE
158.0,1395000.0,HOUSE
315.0,4495000.0,HOUSE
41.0,1350000.0,APARTMENT
64.5,1550000.0,APARTMENT
81.0,2150000.0,APARTMENT
114.0,2795000.0,APARTMENT
172.0,895000.0,HOUSE
95.0,5250000.0,APARTMENT
68.0,1950000.0,APARTMENT
50.0,2595000.0,APARTMENT
46.0,2795000.0,APARTMENT
43.9,2450000.0,APARTMENT
138.0,4195000.0,HOUSE
50.5,2400000.0,APARTMENT
73.5,1995000.0,APARTMENT
71.0,2495000.0,APARTMENT
99.0,3195000.0,APARTMENT
38.0,1295000.0,APARTMENT
100.0,2995000.0,APARTMENT
37.7,1895000.0,APARTMENT
75.0,2695000.0,APARTMENT
108.0,2795000.0,ROW_HOUSE
155.0,2950000.0,HOUSE
66.5,1395000.0,APARTMENT
108.0,2575000.0,ROW_HOUSE
100.0,3990000.0,APARTMENT
52.0,2095000.0,APARTMENT
72.0,4475000.0,APARTMENT
35.0,2650000.0,APARTMENT
139.0,6495000.0,HOUSE
42.0,2995000.0,APARTMENT
164.0,1525000.0,HOUSE
52.0,3895000.0,APARTMENT
43.0,4495000.0,APARTMENT
183.0,4495000.0,HOUSE
180.0,1595000.0,HOUSE
114.4,2495000.0,ROW_HOUSE
314.0,2595000.0,HOUSE
164.0,1990000.0,APARTMENT
62.0,2595000.0,APARTMENT
35.0,2980000.0,APARTMENT
30.0,2995000.0,APARTMENT
189.0,3995000.0,ROW_HOUSE
120.0,1550000.0,HOUSE
69.0,1195000.0,APARTMENT
53.5,1495000.0,APARTMENT
39.0,2295000.0,APARTMENT
40.0,475000.0,APARTMENT
76.0,1995000.0,APARTMENT
41.0,2195000.0,APARTMENT
36.0,995000.0,APARTMENT
71.0,3475000.0,APARTMENT
180.0,1995000.0,HOUSE
55.0,2590000.0,APARTMENT
29.0,1995000.0,APARTMENT
116.0,2350000.0,HOUSE
140.0,9000000.0,HOUSE
35.0,350000.0,APARTMENT
79.0,2950000.0,APARTMENT
58.0,1495000.0,APARTMENT
70.0,875000.0,HOUSE
93.5,5695000.0,APARTMENT
38.2,1995000.0,APARTMENT
60.0,1095000.0,APARTMENT
228.0,5795000.0,HOUSE
66.0,1575000.0,APARTMENT
40.0,1295000.0,APARTMENT
153.5,7000000.0,APARTMENT
56.5,1100000.0,APARTMENT
135.0,3495000.0,HOUSE
78.0,2195000.0,APARTMENT
28.0,925000.0,APARTMENT
80.0,4800000.0,APARTMENT
52.0,3495000.0,APARTMENT
59.0,995000.0,APARTMENT
88.6,2650000.0,APARTMENT
44.0,3795000.0,APARTMENT
177.0,5595000.0,HOUSE
92.0,3495000.0,APARTMENT
69.0,1750000.0,APARTMENT
116.0,3995000.0,ROW_HOUSE
285.0,1295000.0,HOUSE
75.0,2200000.0,APARTMENT
74.0,3595000.0,APARTMENT
67.0,2250000.0,APARTMENT
84.0,5995000.0,APARTMENT
43.0,2795000.0,APARTMENT
54.0,1395000.0,APARTMENT
223.0,4395000.0,ROW_HOUSE
115.0,2900000.0,ROW_HOUSE
65.5,1295000.0,APARTMENT
113.5,3495000.0,APARTMENT
86.5,3095000.0,APARTMENT
207.0,5995000.0,HOUSE
53.0,1895000.0,APARTMENT
49.0,2450000.0,APARTMENT
84.0,2850000.0,APARTMENT
96.0,5995000.0,APARTMENT
145.0,3695000.0,HOUSE
54.0,725000.0,APARTMENT
229.0,3700000.0,HOUSE
189.0,1750000.0,HOUSE
245.0,4450000.0,HOUSE
153.0,1100000.0,HOUSE
63.0,2995000.0,APARTMENT
79.0,2995000.0,APARTMENT
63.0,700000.0,APARTMENT
89.0,2350000.0,APARTMENT
54.5,3495000.0,APARTMENT
53.0,3295000.0,APARTMENT
63.0,2975000.0,APARTMENT
36.0,1395000.0,APARTMENT
57.0,2995000.0,APARTMENT
42.0,3950000.0,APARTMENT
200.0,4995000.0,HOUSE
50.5,1795000.0,APARTMENT
200.0,4500000.0,HOUSE
72.0,1595000.0,APARTMENT
70.0,4595000.0,APARTMENT
41.0,1450000.0,APARTMENT
50.0,1750000.0,APARTMENT
197.0,5995000.0,HOUSE
96.0,1350000.0,APARTMENT
103.0,4950000.0,APARTMENT
262.0,1950000.0,HOUSE
149.0,3495000.0,HOUSE
59.0,2395000.0,ROW_HOUSE
132.0,3100000.0,ROW_HOUSE
107.0,6050000.0,APARTMENT
215.0,3195000.0,HOUSE
250.0,9595000.0,HOUSE
238.0,4450000.0,HOUSE
105.0,3095000.0,APARTMENT
55.1,1825000.0,APARTMENT
214.0,1450000.0,HOUSE
75.0,1890000.0,APARTMENT
72.3,2850000.0,APARTMENT
75.0,2795000.0,APARTMENT
96.0,2295000.0,APARTMENT
62.0,2550000.0,APARTMENT
50.0,2195000.0,APARTMENT
63.0,1175000.0,APARTMENT
114.0,2795000.0,ROW_HOUSE
110.0,6995000.0,APARTMENT
49.5,1995000.0,APARTMENT
26.0,1350000.0,APARTMENT
160.0,2250000.0,HOUSE
88.0,3695000.0,APARTMENT
105.0,2200000.0,HOUSE
85.5,3295000.0,APARTMENT
208.0,2650000.0,HOUSE
72.0,3795000.0,APARTMENT
93.4,2495000.0,APARTMENT
86.0,1100000.0,HOUSE
36.0,2290000.0,APARTMENT
175.0,4295000.0,HOUSE
160.0,2750000.0,HOUSE
235.0,4995000.0,HOUSE
40.0,1450000.0,APARTMENT
82.4,2295000.0,APARTMENT
39.5,1495000.0,APARTMENT
52.0,1145000.0,APARTMENT
107.0,3950000.0,ROW_HOUSE
135.0,5195000.0,ROW_HOUSE
258.0,4500000.0,HOUSE
167.0,3895000.0,HOUSE
214.0,4795000.0,HOUSE
65.0,1625000.0,ROW_HOUSE
45.0,1695000.0,APARTMENT
64.0,1995000.0,APARTMENT
155.0,1995000.0,HOUSE
67.0,4495000.0,APARTMENT
37.0,225000.0,APARTMENT
113.0,395000.0,HOUSE
136.0,3150000.0,HOUSE
176.0,3795000.0,HOUSE
20.0,1095000.0,APARTMENT
114.0,4200000.0,APARTMENT
73.0,2750000.0,APARTMENT
55.0,3495000.0,APARTMENT
52.0,2290000.0,APARTMENT
61.0,2795000.0,APARTMENT
230.0,1450000.0,HOUSE
41.0,1895000.0,APARTMENT
118.0,1095000.0,APARTMENT
79.4,3895000.0,APARTMENT
123.0,4450000.0,HOUSE
112.0,2295000.0,ROW_HOUSE
28.5,895000.0,APARTMENT
80.0,1695000.0,APARTMENT
33.1,880000.0,APARTMENT
25.0,545000.0,APARTMENT
80.0,1195000.0,APARTMENT
36.0,1495000.0,APARTMENT
129.0,3695000.0,ROW_HOUSE
159.0,6295000.0,HOUSE
50.5,2895000.0,APARTMENT
75.0,1495000.0,APARTMENT
59.5,1600000.0,APARTMENT
23.0,1850000.0,APARTMENT
58.0,1800000.0,APARTMENT
144.0,795000.0,ROW_HOUSE
40.0,2595000.0,APARTMENT
55.0,2695000.0,APARTMENT
93.0,2300000.0,ROW_HOUSE
63.0,795000.0,APARTMENT
59.0,2350000.0,APARTMENT
153.0,2695000.0,HOUSE
39.0,1995000.0,APARTMENT
179.0,5295000.0,HOUSE
65.5,1450000.0,APARTMENT
149.0,4195000.0,ROW_HOUSE
169.0,895000.0,HOUSE
66.6,1200000.0,APARTMENT
234.0,7990000.0,HOUSE
134.0,3650000.0,ROW_HOUSE
139.0,1725000.0,HOUSE
61.0,565000.0,APARTMENT
234.0,8995000.0,HOUSE
194.0,2595000.0,HOUSE
91.0,2990000.0,APARTMENT
65.0,2995000.0,APARTMENT
37.0,1990000.0,APARTMENT
185.8,6495000.0,HOUSE
79.0,3900000.0,APARTMENT
64.0,1895000.0,APARTMENT
61.5,3995000.0,APARTMENT
148.0,5895000.0,HOUSE
75.0,650000.0,HOUSE
39.0,1095000.0,APARTMENT
86.0,4430000.0,APARTMENT
85.5,4295000.0,APARTMENT
132.0,750000.0,HOUSE
79.5,1595000.0,APARTMENT
110.0,3995000.0,ROW_HOUSE
55.0,1850000.0,APARTMENT
40.0,2395000.0,APARTMENT
104.0,2495000.0,ROW_HOUSE
53.5,1995000.0,APARTMENT
34.0,2790000.0,APARTMENT
128.0,3995000.0,APARTMENT
20.0,800000.0,APARTMENT
111.0,3495000.0,HOUSE
84.0,2695000.0,APARTMENT
39.0,1195000.0,APARTMENT
75.0,4195000.0,APARTMENT
44.5,1250000.0,APARTMENT
47.0,1350000.0,APARTMENT
34.0,1750000.0,APARTMENT
107.0,3780000.0,APARTMENT
81.0,3295000.0,APARTMENT
49.0,2195000.0,APARTMENT
103.0,2400000.0,APARTMENT
55.0,1380000.0,APARTMENT
248.0,2750000.0,HOUSE
36.0,795000.0,APARTMENT
56.0,795000.0,APARTMENT
72.0,1800000.0,APARTMENT
89.0,1150000.0,APARTMENT
93.0,4150000.0,APARTMENT
38.0,1795000.0,APARTMENT
53.0,1650000.0,APARTMENT
37.5,350000.0,APARTMENT
72.0,1275000.0,APARTMENT
200.0,3800000.0,HOUSE
158.0,4995000.0,HOUSE
59.0,2595000.0,APARTMENT
45.0,1795000.0,APARTMENT
95.0,2495000.0,ROW_HOUSE
57.0,3600000.0,APARTMENT
262.0,1595000.0,HOUSE
179.0,2495000.0,HOUSE
53.0,3450000.0,APARTMENT
180.0,1550000.0,APARTMENT
164.0,6995000.0,HOUSE
49.0,2095000.0,APARTMENT
92.5,3795000.0,APARTMENT
156.0,4995000.0,HOUSE
85.5,3450000.0,APARTMENT
223.0,4595000.0,HOUSE
60.0,1995000.0,APARTMENT
152.6,4650000.0,APARTMENT
42.0,2395000.0,APARTMENT
77.0,2050000.0,APARTMENT
90.9,2000000.0,APARTMENT
106.4,2495000.0,APARTMENT
110.0,3795000.0,ROW_HOUSE
80.0,2995000.0,APARTMENT
39.0,1995000.0,APARTMENT
49.0,775000.0,APARTMENT
95.5,3095000.0,APARTMENT
55.0,1050000.0,APARTMENT
42.5,1695000.0,APARTMENT
80.0,1995000.0,APARTMENT
49.0,6700000.0,APARTMENT
108.0,4495000.0,APARTMENT
83.0,6995000.0,APARTMENT
52.5,1375000.0,APARTMENT
69.0,2295000.0,APARTMENT
84.5,2995000.0,APARTMENT
46.0,1995000.0,APARTMENT
80.0,2095000.0,APARTMENT
152.0,6500000.0,HOUSE
111.0,2450000.0,APARTMENT
95.0,7645000.0,APARTMENT
81.0,2295000.0,APARTMENT
77.0,1495000.0,APARTMENT
156.0,3595000.0,HOUSE
24.0,2050000.0,APARTMENT
52.0,745000.0,APARTMENT
68.8,3250000.0,APARTMENT
61.5,295000.0,APARTMENT
27.0,795000.0,APARTMENT
61.4,1195000.0,APARTMENT
154.0,1700000.0,ROW_HOUSE
37.5,1450000.0,APARTMENT
54.3,2450000.0,APARTMENT
56.4,2876560.0,HOUSE
62.0,395000.0,APARTMENT
85.0,5840000.0,APARTMENT
76.0,1950000.0,HOUSE
150.0,1950000.0,HOUSE
70.5,2495000.0,APARTMENT
67.5,3985000.0,APARTMENT
40.5,2350000.0,APARTMENT
96.0,2950000.0,APARTMENT
34.0,1795000.0,APARTMENT
63.0,2850000.0,APARTMENT
125.0,6295000.0,ROW_HOUSE
66.0,1885000.0,APARTMENT
77.0,2195000.0,APARTMENT
54.0,1145000.0,APARTMENT
53.0,2995000.0,APARTMENT
55.0,2395000.0,APARTMENT
71.0,2995000.0,APARTMENT
74.0,1795000.0,APARTMENT
240.0,9950000.0,HOUSE
93.5,1095000.0,APARTMENT
172.0,6995000.0,HOUSE
115.4,2490000.0,APARTMENT
64.0,2850000.0,APARTMENT
57.0,1895000.0,APARTMENT
156.0,4995000.0,HOUSE
67.5,995000.0,APARTMENT
53.0,2950000.0,APARTMENT
105.0,2650000.0,APARTMENT
152.0,4295000.0,ROW_HOUSE
66.0,2745000.0,APARTMENT
58.5,100000.0,APARTMENT
32.0,850000.0,APARTMENT
61.5,1995000.0,APARTMENT
83.0,4150000.0,ROW_HOUSE
58.0,1095000.0,APARTMENT
78.9,1595000.0,APARTMENT
54.5,1595000.0,APARTMENT
60.0,3995000.0,APARTMENT
103.0,3795000.0,APARTMENT
25.5,1395000.0,APARTMENT
130.0,3875000.0,HOUSE
282.0,3775000.0,HOUSE
69.8,1995000.0,APARTMENT
148.0,3395000.0,HOUSE
45.0,2350000.0,APARTMENT
40.0,2350000.0,APARTMENT
60.0,1695000.0,APARTMENT
26.0,995000.0,APARTMENT
155.0,6195000.0,HOUSE
72.0,1295000.0,APARTMENT
99.0,2200000.0,ROW_HOUSE
75.5,2595000.0,APARTMENT
25.0,1795000.0,APARTMENT
92.0,3295000.0,APARTMENT
38.5,495000.0,APARTMENT
173.0,2190000.0,HOUSE
70.0,1995000.0,APARTMENT
75.0,1950000.0,HOUSE
109.0,2100000.0,ROW_HOUSE
81.5,1895000.0,APARTMENT
55.0,2950000.0,APARTMENT
124.0,6500000.0,APARTMENT
97.0,8500000.0,APARTMENT
81.0,1595000.0,HOUSE
55.0,1995000.0,APARTMENT
74.0,2895000.0,APARTMENT
53.0,2250000.0,APARTMENT
66.0,6275000.0,APARTMENT
59.0,1095000.0,APARTMENT
146.0,2495000.0,HOUSE
39.0,3145000.0,APARTMENT
76.0,1195000.0,APARTMENT
82.0,3900000.0,ROW_HOUSE
32.0,1799000.0,APARTMENT
64.0,2395000.0,APARTMENT
59.0,2195000.0,APARTMENT
44.0,3695000.0,APARTMENT
94.0,6650000.0,APARTMENT
108.5,1995000.0,APARTMENT
55.5,1495000.0,APARTMENT
144.0,2500000.0,HOUSE
74.5,4295000.0,APARTMENT
99.0,3995000.0,APARTMENT
118.0,4495000.0,ROW_HOUSE
85.0,3250000.0,APARTMENT
46.0,2495000.0,APARTMENT
78.0,950000.0,APARTMENT
77.0,2850000.0,APARTMENT
116.0,2295000.0,HOUSE
52.0,1595000.0,APARTMENT
73.0,1995000.0,HOUSE
53.5,2695000.0,APARTMENT
75.1,2850000.0,APARTMENT
133.0,3625000.0,HOUSE
148.0,1995000.0,HOUSE
74.0,3395000.0,APARTMENT
74.0,2395000.0,APARTMENT
94.0,5500000.0,APARTMENT
89.0,4290000.0,APARTMENT
61.0,6350000.0,APARTMENT
290.0,4990000.0,HOUSE
144.0,750000.0,HOUSE
212.0,1250000.0,HOUSE
44.0,4450000.0,APARTMENT
95.3,2495000.0,APARTMENT
71.0,4995000.0,APARTMENT
82.0,1795000.0,APARTMENT
50.0,795000.0,APARTMENT
103.0,1650000.0,HOUSE
39.5,275000.0,APARTMENT
222.0,5995000.0,ROW_HOUSE
50.5,1795000.0,APARTMENT
44.5,1495000.0,APARTMENT
75.0,1745000.0,HOUSE
59.0,2350000.0,APARTMENT
27.0,1595000.0,APARTMENT
35.0,1495000.0,APARTMENT
288.0,2195000.0,HOUSE
101.0,5490000.0,APARTMENT
65.0,2995000.0,APARTMENT
110.5,6395000.0,APARTMENT
145.0,2650000.0,HOUSE
93.4,3590000.0,APARTMENT
60.5,2150000.0,APARTMENT
125.0,1690000.0,HOUSE
79.0,995000.0,APARTMENT
70.0,1800000.0,APARTMENT
59.0,1075000.0,APARTMENT
58.0,995000.0,APARTMENT
185.0,5995000.0,HOUSE
142.0,2195000.0,HOUSE
176.0,4395000.0,HOUSE
112.0,2950000.0,HOUSE
219.0,7900000.0,HOUSE
210.0,2225000.0,HOUSE
65.0,3195000.0,APARTMENT
79.0,1475000.0,APARTMENT
48.0,1950000.0,APARTMENT
84.0,3695000.0,APARTMENT
147.0,2295000.0,HOUSE
36.0,1995000.0,APARTMENT
81.0,2875000.0,APARTMENT
61.0,2150000.0,APARTMENT
34.0,1750000.0,APARTMENT
45.0,2595000.0,APARTMENT
99.0,2995000.0,APARTMENT
22.0,1915000.0,APARTMENT
165.0,1695000.0,HOUSE
76.0,2495000.0,HOUSE
129.0,3495000.0,ROW_HOUSE
74.0,5650000.0,APARTMENT
97.5,2050000.0,APARTMENT
337.0,4250000.0,HOUSE
190.0,4495000.0,HOUSE
62.5,550000.0,APARTMENT
69.0,4200000.0,APARTMENT
85.7,3795000.0,APARTMENT
180.0,2695000.0,HOUSE
212.0,4495000.0,HOUSE
114.5,3590000.0,ROW_HOUSE
83.0,2695000.0,APARTMENT
346.0,3950000.0,HOUSE
217.0,2495000.0,HOUSE
81.0,3998000.0,APARTMENT
55.0,2195000.0,APARTMENT
90.0,2195000.0,APARTMENT
73.0,3595000.0,APARTMENT
186.0,1995000.0,HOUSE
270.0,4690000.0,HOUSE
63.0,850000.0,APARTMENT
64.5,1495000.0,APARTMENT
156.0,2250000.0,ROW_HOUSE
55.5,1800000.0,APARTMENT
173.0,2700000.0,HOUSE
52.0,3495000.0,APARTMENT
59.0,1150000.0,APARTMENT
86.0,3790000.0,APARTMENT
59.5,695000.0,APARTMENT
113.0,2700000.0,APARTMENT
75.0,3195000.0,APARTMENT
99.0,4895000.0,APARTMENT
56.0,3495000.0,APARTMENT
55.0,1900000.0,APARTMENT
158.0,6495000.0,APARTMENT
39.0,1575000.0,APARTMENT
40.0,2500000.0,APARTMENT
60.0,1795000.0,APARTMENT
148.0,3890000.0,ROW_HOUSE
50.0,800000.0,APARTMENT
91.7,1795000.0,APARTMENT
99.5,1950000.0,APARTMENT
54.0,2295000.0,APARTMENT
105.0,1395000.0,APARTMENT
130.0,3450000.0,HOUSE
110.0,2900000.0,APARTMENT
27.0,850000.0,APARTMENT
78.0,3095000.0,APARTMENT
124.0,4100000.0,APARTMENT
259.0,1995000.0,HOUSE
78.0,950000.0,APARTMENT
68.0,2895000.0,APARTMENT
171.0,3500000.0,HOUSE
78.0,1795000.0,APARTMENT
93.0,1750000.0,HOUSE
25.0,1375000.0,APARTMENT
63.0,1795000.0,APARTMENT
187.0,8995000.0,HOUSE
33.5,925000.0,APARTMENT
55.0,2995000.0,APARTMENT
95.0,1495000.0,APARTMENT
172.0,6790000.0,HOUSE
55.0,3495000.0,APARTMENT
44.0,2395000.0,APARTMENT
39.0,795000.0,APARTMENT
73.0,2695000.0,APARTMENT
75.5,1545000.0,APARTMENT
33.0,2230000.0,APARTMENT
97.5,3195000.0,APARTMENT
64.0,1295000.0,APARTMENT
186.0,2595000.0,HOUSE
78.0,4150000.0,APARTMENT
39.2,1450000.0,APARTMENT
89.0,2995000.0,APARTMENT
66.0,1795000.0,APARTMENT
133.0,3390000.0,HOUSE
130.0,7000000.0,APARTMENT
71.4,2195000.0,APARTMENT
165.0,4650000.0,HOUSE
74.0,2295000.0,APARTMENT
41.5,2290000.0,APARTMENT
51.0,1995000.0,APARTMENT
154.0,2900000.0,HOUSE
164.0,5600000.0,HOUSE
33.0,1100000.0,APARTMENT
61.5,1590000.0,APARTMENT
134.0,5295000.0,HOUSE
196.0,2975000.0,HOUSE
72.0,3995000.0,APARTMENT
133.0,4195000.0,HOUSE
129.0,4750000.0,HOUSE
230.0,900000.0,HOUSE
179.0,790000.0,HOUSE
63.0,1995000.0,APARTMENT
211.0,5150000.0,HOUSE
59.0,825000.0,APARTMENT
61.1,2195000.0,APARTMENT
74.0,1750000.0,APARTMENT
103.0,3900000.0,APARTMENT
38.5,895000.0,APARTMENT
63.0,1295000.0,APARTMENT
81.0,2150000.0,APARTMENT
68.0,1595000.0,APARTMENT
38.0,4895000.0,APARTMENT
118.0,2995000.0,HOUSE
121.0,2995000.0,APARTMENT
85.5,2895000.0,APARTMENT
37.9,1195000.0,APARTMENT
83.5,1850000.0,APARTMENT
48.0,4895000.0,APARTMENT
81.0,2295000.0,APARTMENT
69.0,1700000.0,HOUSE
85.0,270000.0,APARTMENT
76.5,3395000.0,APARTMENT
72.0,4750000.0,APARTMENT
46.0,1195000.0,APARTMENT
50.3,1950000.0,APARTMENT
33.0,2295000.0,APARTMENT
124.0,575000.0,HOUSE
298.0,5700000.0,HOUSE
67.4,2995000.0,APARTMENT
90.0,1750000.0,APARTMENT
91.0,5795000.0,ROW_HOUSE
63.0,1749000.0,APARTMENT
54.0,3250000.0,APARTMENT
51.5,1575000.0,APARTMENT
39.5,1100000.0,APARTMENT
62.6,1300000.0,APARTMENT
47.0,3995000.0,APARTMENT
52.5,1350000.0,APARTMENT
85.0,2095000.0,APARTMENT
59.0,3095000.0,APARTMENT
84.0,1190000.0,HOUSE
165.0,2990000.0,HOUSE
87.0,1850000.0,APARTMENT
46.5,1595000.0,APARTMENT
119.0,225000.0,APARTMENT
108.0,2650000.0,ROW_HOUSE
33.0,1850000.0,APARTMENT
42.5,995000.0,APARTMENT
96.0,1995000.0,APARTMENT
206.0,5500000.0,HOUSE
126.0,8495000.0,APARTMENT
160.0,4295000.0,HOUSE
69.5,650000.0,APARTMENT
132.0,6195000.0,HOUSE
86.0,6495000.0,APARTMENT
84.1,4695000.0,APARTMENT
116.9,5395000.0,ROW_HOUSE
167.0,3750000.0,HOUSE
63.0,1150000.0,APARTMENT
51.5,1850000.0,APARTMENT
123.0,4995000.0,HOUSE
60.0,1850000.0,APARTMENT
148.0,5295000.0,HOUSE
81.6,1950000.0,APARTMENT
45.0,2890000.0,APARTMENT
72.3,1795000.0,APARTMENT
191.0,4995000.0,HOUSE
31.0,1450000.0,APARTMENT
57.5,950000.0,APARTMENT
52.0,2995000.0,APARTMENT
157.0,1195000.0,HOUSE
102.0,1595000.0,HOUSE
64.0,3250000.0,APARTMENT
79.0,3995000.0,APARTMENT
29.0,1695000.0,APARTMENT
49.0,795000.0,APARTMENT
54.0,1275000.0,APARTMENT
76.0,1495000.0,APARTMENT
25.0,1995000.0,APARTMENT
72.5,995000.0,APARTMENT
64.0,2595000.0,APARTMENT
201.0,6475000.0,HOUSE
87.0,4795000.0,APARTMENT
26.0,1995000.0,APARTMENT
46.0,2895000.0,APARTMENT
50.0,1550000.0,APARTMENT
67.0,2495000.0,APARTMENT
89.0,2495000.0,APARTMENT
165.0,1495000.0,HOUSE
59.0,1895000.0,APARTMENT
91.0,5950000.0,APARTMENT
64.0,2150000.0,APARTMENT
39.0,2390000.0,APARTMENT
62.5,995000.0,APARTMENT
61.5,950000.0,APARTMENT
63.0,2795000.0,APARTMENT
40.0,1495000.0,APARTMENT
118.0,850000.0,APARTMENT
80.0,1350000.0,APARTMENT
60.0,1150000.0,APARTMENT
182.0,3195000.0,HOUSE
134.0,3495000.0,HOUSE
79.0,4495000.0,APARTMENT
252.0,2600000.0,HOUSE
219.0,2850000.0,HOUSE
71.0,2995000.0,APARTMENT
89.0,1995000.0,APARTMENT
102.0,4195000.0,APARTMENT
253.0,8150000.0,HOUSE
140.0,795000.0,HOUSE
74.3,3750000.0,APARTMENT
47.0,1650000.0,APARTMENT
16.0,1495000.0,APARTMENT
24.0,2395000.0,APARTMENT
69.5,2850000.0,APARTMENT
70.0,3995000.0,APARTMENT
149.0,5500000.0,HOUSE
49.0,1450000.0,APARTMENT
35.0,1650000.0,APARTMENT
77.0,2475000.0,APARTMENT
42.0,2125000.0,APARTMENT
154.0,7450000.0,HOUSE
70.0,1850000.0,APARTMENT
62.0,1300000.0,APARTMENT
56.0,1175000.0,APARTMENT
62.0,450000.0,APARTMENT
85.0,2525000.0,APARTMENT
190.0,2995000.0,HOUSE
60.8,1695000.0,APARTMENT
210.0,3800000.0,HOUSE
54.5,2625000.0,APARTMENT
34.0,1990000.0,APARTMENT
73.9,5495000.0,APARTMENT
60.0,1650000.0,APARTMENT
154.0,1695000.0,HOUSE
74.5,1195000.0,APARTMENT
92.0,1795000.0,APARTMENT
96.0,2950000.0,HOUSE
85.0,8595000.0,APARTMENT
92.0,5350000.0,APARTMENT
83.0,350000.0,APARTMENT
76.0,1895000.0,APARTMENT
105.0,1995000.0,HOUSE
142.0,3295000.0,APARTMENT
123.0,2895000.0,APARTMENT
39.0,1095000.0,APARTMENT
78.5,2750000.0,APARTMENT
172.0,2695000.0,HOUSE
69.0,1795000.0,APARTMENT
68.0,2650000.0,HOUSE
158.0,1995000.0,HOUSE
49.0,2195000.0,APARTMENT
74.3,1395000.0,APARTMENT
46.0,2195000.0,APARTMENT
79.0,2895000.0,APARTMENT
40.0,1575000.0,APARTMENT
133.0,3795000.0,ROW_HOUSE
74.5,1750000.0,APARTMENT
108.0,2995000.0,ROW_HOUSE
52.0,2250000.0,APARTMENT
63.0,395000.0,APARTMENT
306.0,3550000.0,HOUSE
41.0,2450000.0,APARTMENT
87.0,3795000.0,APARTMENT
55.0,2950000.0,HOUSE
94.0,2495000.0,APARTMENT
156.0,4995000.0,HOUSE
126.0,1145000.0,HOUSE
137.0,5590000.0,ROW_HOUSE
133.0,1795000.0,APARTMENT
206.0,3695000.0,HOUSE
36.0,2395000.0,APARTMENT
76.0,6750000.0,APARTMENT
59.0,575000.0,APARTMENT
160.0,3450000.0,HOUSE
284.0,595000.0,HOUSE
78.0,1150000.0,APARTMENT
118.0,5500000.0,APARTMENT
93.0,1950000.0,ROW_HOUSE
68.0,3350000.0,APARTMENT
171.0,4195000.0,ROW_HOUSE
97.0,2200000.0,APARTMENT
44.0,2395000.0,APARTMENT
176.0,4695000.0,HOUSE
53.5,650000.0,APARTMENT
117.0,3150000.0,ROW_HOUSE
133.0,1975000.0,HOUSE
120.0,2895000.0,ROW_HOUSE
187.0,5500000.0,HOUSE
76.5,1895000.0,APARTMENT
130.0,2495000.0,HOUSE
139.0,4495000.0,HOUSE
65.0,510000.0,APARTMENT
150.0,4750000.0,HOUSE
71.0,1295000.0,APARTMENT
143.0,2995000.0,HOUSE
32.0,1895000.0,APARTMENT
237.0,5500000.0,HOUSE
156.0,3195000.0,ROW_HOUSE
49.0,3795000.0,APARTMENT
65.0,2895000.0,APARTMENT
145.0,4195000.0,HOUSE
57.0,195000.0,APARTMENT
73.0,2250000.0,APARTMENT
65.0,1995000.0,APARTMENT
52.0,1750000.0,APARTMENT
152.5,6250000.0,ROW_HOUSE
109.0,2750000.0,APARTMENT
147.0,800000.0,HOUSE
107.0,2750000.0,APARTMENT
71.5,2750000.0,APARTMENT
161.0,4495000.0,HOUSE
205.0,2795000.0,HOUSE
40.0,495000.0,APARTMENT
63.0,1490000.0,APARTMENT
94.0,1895000.0,APARTMENT
94.0,4500000.0,ROW_HOUSE
216.0,2500000.0,HOUSE
208.0,1050000.0,HOUSE
82.0,3600000.0,APARTMENT
186.0,5995000.0,HOUSE
80.5,5995000.0,APARTMENT
92.0,3890000.0,ROW_HOUSE
38.5,195000.0,APARTMENT
59.5,1350000.0,APARTMENT
140.0,4795000.0,HOUSE
82.0,1250000.0,APARTMENT
68.0,3095000.0,APARTMENT
65.2,1295000.0,APARTMENT
110.0,3375000.0,APARTMENT
206.0,2750000.0,HOUSE
92.0,5495000.0,APARTMENT
43.0,1995000.0,APARTMENT
56.0,1675000.0,APARTMENT
44.0,820000.0,APARTMENT
180.0,495000.0,ROW_HOUSE
63.0,5195000.0,APARTMENT
94.5,3290000.0,APARTMENT
113.0,4995000.0,ROW_HOUSE
64.0,975000.0,APARTMENT
33.0,1700000.0,APARTMENT
40.0,1595000.0,APARTMENT
124.5,1800000.0,ROW_HOUSE
80.0,5290000.0,APARTMENT
177.0,7195000.0,HOUSE
43.5,945000.0,APARTMENT
159.0,850000.0,HOUSE
218.0,5995000.0,HOUSE
55.4,2495000.0,APARTMENT
99.0,5295000.0,APARTMENT
105.0,2275000.0,HOUSE
260.0,995000.0,HOUSE
59.0,2349000.0,APARTMENT
87.0,2350000.0,APARTMENT
85.0,1995000.0,APARTMENT
89.0,2595000.0,APARTMENT
74.0,2095000.0,APARTMENT
112.0,2095000.0,ROW_HOUSE
118.0,2895000.0,HOUSE
128.0,4350000.0,HOUSE
272.0,1995000.0,HOUSE
112.8,2995000.0,ROW_HOUSE
63.0,1995000.0,APARTMENT
101.7,2495000.0,ROW_HOUSE
266.0,3350000.0,HOUSE
94.0,4275000.0,APARTMENT
215.0,4295000.0,HOUSE
44.0,1650000.0,APARTMENT
88.0,3395000.0,APARTMENT
63.5,2495000.0,APARTMENT
74.0,1495000.0,APARTMENT
26.0,1195000.0,APARTMENT
87.0,2195000.0,APARTMENT
34.9,1995000.0,APARTMENT
63.0,930000.0,APARTMENT
156.0,1195000.0,HOUSE
43.0,1095000.0,APARTMENT
189.0,1195000.0,HOUSE
49.0,1795000.0,APARTMENT
265.0,2695000.0,HOUSE
24.7,1350000.0,APARTMENT
61.5,3495000.0,APARTMENT
49.0,3650000.0,APARTMENT
26.0,1395000.0,APARTMENT
96.5,2995000.0,APARTMENT
277.0,3250000.0,HOUSE
143.0,4195000.0,ROW_HOUSE
120.0,495000.0,HOUSE
302.0,4750000.0,HOUSE
35.0,3595000.0,APARTMENT
108.5,2895000.0,APARTMENT
55.5,2250000.0,APARTMENT
63.0,1895000.0,APARTMENT
268.0,1450000.0,HOUSE
45.0,1450000.0,APARTMENT
71.0,1595000.0,APARTMENT
65.5,550000.0,APARTMENT
92.0,3400000.0,APARTMENT
40.0,3145000.0,APARTMENT
54.0,2395000.0,APARTMENT
95.0,2395000.0,APARTMENT
21.0,1495000.0,APARTMENT
267.0,7495000.0,HOUSE
20.5,450000.0,APARTMENT
160.0,3495000.0,HOUSE
79.0,1295000.0,APARTMENT
60.0,1450000.0,APARTMENT
58.0,1995000.0,APARTMENT
67.0,1450000.0,APARTMENT
37.2,850000.0,APARTMENT
36.0,1595000.0,APARTMENT
103.0,5295000.0,ROW_HOUSE
32.0,1799000.0,APARTMENT
54.0,1950000.0,APARTMENT
52.0,3195000.0,APARTMENT
138.0,4495000.0,HOUSE
73.0,1250000.0,APARTMENT
36.5,2695000.0,APARTMENT
34.0,1950000.0,APARTMENT
210.0,4995000.0,HOUSE
76.0,2100000.0,APARTMENT
209.0,2400000.0,APARTMENT
172.0,995000.0,HOUSE
69.0,1050000.0,APARTMENT
81.0,2895000.0,APARTMENT
82.0,2125000.0,APARTMENT
37.0,1395000.0,APARTMENT
131.5,2595000.0,APARTMENT
70.0,3795000.0,APARTMENT
79.0,5790000.0,APARTMENT
114.0,1695000.0,APARTMENT
73.0,3195000.0,APARTMENT
104.5,2595000.0,APARTMENT
88.0,4095000.0,APARTMENT
77.0,2150000.0,APARTMENT
62.0,3690000.0,APARTMENT
238.0,6995000.0,HOUSE
55.0,995000.0,APARTMENT
67.5,2795000.0,APARTMENT
231.0,845000.0,HOUSE
124.0,5250000.0,HOUSE
28.5,2175000.0,APARTMENT
101.0,2495000.0,ROW_HOUSE
59.0,1425000.0,APARTMENT
122.0,3195000.0,HOUSE
38.0,1750000.0,APARTMENT
52.0,1595000.0,APARTMENT
83.4,1795000.0,APARTMENT
35.0,1995000.0,APARTMENT
84.0,6150000.0,APARTMENT
40.0,1990000.0,APARTMENT
65.0,625000.0,APARTMENT
116.0,2800000.0,APARTMENT
53.5,1995000.0,APARTMENT
60.0,2895000.0,APARTMENT
123.6,1330000.0,APARTMENT
78.0,3195000.0,APARTMENT
50.0,1795000.0,APARTMENT
92.0,4350000.0,ROW_HOUSE
192.0,2295000.0,HOUSE
28.3,495000.0,APARTMENT
121.0,6495000.0,ROW_HOUSE
64.0,1795000.0,APARTMENT
203.0,3195000.0,HOUSE
107.7,2100000.0,APARTMENT
77.0,2295000.0,APARTMENT
80.0,2990000.0,APARTMENT
89.7,1595000.0,APARTMENT
41.0,1190000.0,APARTMENT
222.0,6975000.0,HOUSE
48.0,2450000.0,APARTMENT
82.0,450000.0,HOUSE
52.5,995000.0,APARTMENT
62.0,2785000.0,APARTMENT
96.0,1150000.0,APARTMENT
87.5,1695000.0,APARTMENT
198.0,2900000.0,HOUSE
53.0,2650000.0,APARTMENT
87.0,1495000.0,HOUSE
80.5,1995000.0,APARTMENT
150.0,1475000.0,HOUSE
85.0,8995000.0,APARTMENT
135.0,5995000.0,HOUSE
53.0,1995000.0,APARTMENT
186.0,4695000.0,HOUSE
77.5,2995000.0,APARTMENT
190.0,2175000.0,HOUSE
47.5,980000.0,APARTMENT
79.0,1850000.0,APARTMENT
208.0,3995000.0,HOUSE
52.0,3495000.0,APARTMENT
100.0,2995000.0,APARTMENT
38.1,1350000.0,APARTMENT
340.0,6350000.0,HOUSE
139.0,4495000.0,HOUSE
32.0,890000.0,APARTMENT
79.0,3295000.0,APARTMENT
26.3,2495000.0,APARTMENT
270.0,5995000.0,HOUSE
67.0,1600000.0,APARTMENT
105.5,2295000.0,APARTMENT
124.0,4695000.0,ROW_HOUSE
84.5,2950000.0,APARTMENT
61.0,1200000.0,APARTMENT
179.0,1495000.0,HOUSE
106.0,4195000.0,ROW_HOUSE
57.0,2700000.0,APARTMENT
70.0,1695000.0,APARTMENT
61.6,3095000.0,APARTMENT
55.0,1095000.0,APARTMENT
126.0,675000.0,HOUSE
58.6,1450000.0,APARTMENT
168.0,4295000.0,ROW_HOUSE
66.5,3695000.0,APARTMENT
279.0,1395000.0,HOUSE
42.0,950000.0,APARTMENT
58.5,475000.0,APARTMENT
81.0,5195000.0,APARTMENT
161.0,5495000.0,HOUSE
72.0,2095000.0,APARTMENT
71.0,2750000.0,APARTMENT
150.0,7995000.0,HOUSE
97.0,1995000.0,APARTMENT
117.0,5150000.0,HOUSE
45.0,2895000.0,APARTMENT
121.0,3495000.0,HOUSE
247.0,3795000.0,HOUSE
146.0,5450000.0,HOUSE
182.0,6500000.0,HOUSE
39.0,1295000.0,APARTMENT
77.0,4495000.0,HOUSE
170.0,6750000.0,HOUSE
122.0,4500000.0,APARTMENT
199.0,1895000.0,HOUSE
43.0,1650000.0,APARTMENT
49.0,2290000.0,APARTMENT
74.0,2695000.0,APARTMENT
102.0,5295000.0,APARTMENT
48.0,1495000.0,APARTMENT
71.5,2695000.0,APARTMENT
125.0,1695000.0,HOUSE
245.0,1750000.0,HOUSE
112.0,9100000.0,APARTMENT
53.0,3195000.0,APARTMENT
59.5,1295000.0,APARTMENT
54.0,1250000.0,APARTMENT
63.5,1850000.0,APARTMENT
147.0,7995000.0,HOUSE
105.0,2650000.0,APARTMENT
121.0,3495000.0,APARTMENT
62.5,2095000.0,APARTMENT
91.5,2795000.0,APARTMENT
197.0,5950000.0,HOUSE
65.5,1495000.0,APARTMENT
29.0,1595000.0,APARTMENT
42.0,1495000.0,APARTMENT
194.0,8500000.0,HOUSE
79.0,2695000.0,APARTMENT
56.5,1295000.0,APARTMENT
86.0,2495000.0,APARTMENT
197.0,4495000.0,ROW_HOUSE
49.0,1995000.0,APARTMENT
96.0,3695000.0,APARTMENT
153.0,3650000.0,HOUSE
56.0,2350000.0,APARTMENT
64.0,625000.0,APARTMENT
144.0,5775000.0,HOUSE
52.0,2295000.0,APARTMENT
124.3,4395000.0,ROW_HOUSE
50.2,750000.0,APARTMENT
57.0,1595000.0,APARTMENT
76.0,2995000.0,APARTMENT
173.0,5975000.0,HOUSE
61.5,1795000.0,APARTMENT
107.0,3275000.0,ROW_HOUSE
54.8,2795000.0,APARTMENT
44.5,1590000.0,APARTMENT
224.0,6150000.0,HOUSE
54.5,1095000.0,APARTMENT
86.0,1595000.0,APARTMENT
29.0,2750000.0,APARTMENT
84.0,8490000.0,APARTMENT
126.0,2995000.0,HOUSE
180.0,2250000.0,HOUSE
70.0,1300000.0,APARTMENT
210.0,3495000.0,HOUSE
62.5,1195000.0,APARTMENT
52.0,5200000.0,APARTMENT
136.0,1900000.0,HOUSE
67.0,2850000.0,APARTMENT
77.0,745000.0,APARTMENT
53.0,2245000.0,APARTMENT
85.0,1795000.0,APARTMENT
44.0,1895000.0,APARTMENT
76.0,4955000.0,APARTMENT
96.0,7495000.0,APARTMENT
50.0,2095000.0,APARTMENT
87.5,3950000.0,APARTMENT
78.3,1250000.0,APARTMENT
109.0,3795000.0,APARTMENT
69.0,4995000.0,APARTMENT
80.0,475000.0,APARTMENT
65.0,2695000.0,APARTMENT
48.5,2895000.0,APARTMENT
52.0,1695000.0,HOUSE
160.0,4750000.0,HOUSE
170.0,2895000.0,HOUSE
60.0,745000.0,APARTMENT
96.0,7495000.0,APARTMENT
65.0,2595000.0,APARTMENT
124.0,6975000.0,HOUSE
54.0,1995000.0,APARTMENT
63.6,3795000.0,APARTMENT
220.0,6750000.0,HOUSE
151.0,1395000.0,HOUSE
58.5,3950000.0,APARTMENT
46.0,2695000.0,APARTMENT
51.7,995000.0,APARTMENT
202.0,4595000.0,HOUSE
98.0,3695000.0,APARTMENT
52.0,995000.0,APARTMENT
73.2,1895000.0,APARTMENT
95.0,3695000.0,HOUSE
111.5,2395000.0,APARTMENT
76.0,8995000.0,APARTMENT
37.0,790000.0,APARTMENT
70.0,1950000.0,APARTMENT
68.0,2195000.0,APARTMENT
45.0,1750000.0,APARTMENT
59.5,1750000.0,APARTMENT
39.5,1595000.0,APARTMENT
50.0,1150000.0,APARTMENT
89.0,1595000.0,APARTMENT
54.0,1895000.0,APARTMENT
69.0,1995000.0,APARTMENT
142.0,1150000.0,HOUSE
94.0,3290000.0,APARTMENT
121.0,2995000.0,APARTMENT
52.5,995000.0,APARTMENT
34.0,1995000.0,APARTMENT
35.0,1750000.0,APARTMENT
39.0,1250000.0,APARTMENT
59.0,3450000.0,APARTMENT
41.3,895000.0,APARTMENT
46.0,1345000.0,APARTMENT
99.0,3495000.0,APARTMENT
49.0,995000.0,APARTMENT
144.0,2100000.0,HOUSE
188.0,4995000.0,HOUSE
117.0,1250000.0,HOUSE
157.0,650000.0,HOUSE
224.0,3295000.0,HOUSE
57.0,1990000.0,APARTMENT
72.0,545000.0,APARTMENT
112.8,3095000.0,ROW_HOUSE
86.0,9495000.0,APARTMENT
50.0,1695000.0,APARTMENT
119.0,7315000.0,ROW_HOUSE
55.0,2795000.0,APARTMENT
63.5,1195000.0,APARTMENT
70.0,3795000.0,APARTMENT
285.0,3200000.0,HOUSE
73.0,4495000.0,APARTMENT
76.0,2995000.0,APARTMENT
99.0,2695000.0,APARTMENT
80.0,3995000.0,APARTMENT
53.0,1895000.0,APARTMENT
43.0,2995000.0,APARTMENT
156.0,5995000.0,HOUSE
67.0,3595000.0,APARTMENT
34.0,2050000.0,APARTMENT
132.0,2275000.0,HOUSE
51.0,2375000.0,APARTMENT
44.0,795000.0,APARTMENT
82.0,3995000.0,APARTMENT
87.0,4995000.0,APARTMENT
238.0,8990000.0,HOUSE
77.5,1300000.0,APARTMENT
45.0,1950000.0,APARTMENT
93.0,2295000.0,APARTMENT
153.0,3995000.0,HOUSE
80.0,1400000.0,APARTMENT
105.0,3750000.0,ROW_HOUSE
55.0,2295000.0,HOUSE
192.0,2595000.0,HOUSE
144.0,4150000.0,ROW_HOUSE
56.1,975000.0,APARTMENT
73.5,875000.0,APARTMENT
96.0,4850000.0,APARTMENT
92.5,1700000.0,APARTMENT
55.5,2095000.0,APARTMENT
51.0,1495000.0,APARTMENT
69.0,1775000.0,APARTMENT
75.0,1895000.0,APARTMENT
330.0,6095000.0,HOUSE
33.0,1895000.0,APARTMENT
158.0,2395000.0,HOUSE
135.0,6495000.0,HOUSE
40.0,1495000.0,APARTMENT
59.4,1070000.0,APARTMENT
162.0,4750000.0,HOUSE
66.0,2195000.0,APARTMENT
58.5,795000.0,APARTMENT
29.0,1695000.0,APARTMENT
38.0,1595000.0,APARTMENT
70.5,7850000.0,APARTMENT
80.0,1395000.0,APARTMENT
60.0,1350000.0,HOUSE
94.5,1895000.0,APARTMENT
78.0,4695000.0,APARTMENT
76.0,4695000.0,APARTMENT
194.0,850000.0,HOUSE
46.4,1795000.0,APARTMENT
76.5,4395000.0,APARTMENT
22.0,1095000.0,APARTMENT
51.0,1895000.0,APARTMENT
36.5,3795000.0,APARTMENT
44.0,1895000.0,APARTMENT
156.0,1195000.0,HOUSE
75.5,550000.0,APARTMENT
47.0,3350000.0,APARTMENT
56.5,1995000.0,APARTMENT
25.0,1650000.0,APARTMENT
185.0,3890000.0,APARTMENT
35.0,1845000.0,APARTMENT
83.0,995000.0,HOUSE
73.5,495000.0,APARTMENT
135.0,7750000.0,HOUSE
58.5,1650000.0,APARTMENT
56.5,320000.0,APARTMENT
48.0,2395000.0,APARTMENT
72.0,2375000.0,APARTMENT
78.0,3950000.0,APARTMENT
53.5,1350000.0,APARTMENT
57.0,1995000.0,APARTMENT
89.0,2995000.0,APARTMENT
53.3,2095000.0,APARTMENT
31.5,2195000.0,APARTMENT
43.5,2195000.0,APARTMENT
178.0,3250000.0,HOUSE
79.0,2295000.0,APARTMENT
111.0,9250000.0,APARTMENT
52.5,2495000.0,APARTMENT
45.0,1495000.0,APARTMENT
62.0,995000.0,APARTMENT
53.5,1350000.0,APARTMENT
153.0,4995000.0,HOUSE
54.0,3190000.0,APARTMENT
25.5,1495000.0,APARTMENT
61.0,495000.0,APARTMENT
178.0,2975000.0,HOUSE
87.0,2595000.0,APARTMENT
57.0,3495000.0,APARTMENT
82.0,1550000.0,APARTMENT
304.0,3950000.0,HOUSE
41.0,2890000.0,APARTMENT
214.0,5100000.0,HOUSE
73.5,2995000.0,APARTMENT
80.0,2395000.0,ROW_HOUSE
133.0,3995000.0,ROW_HOUSE
53.5,750000.0,APARTMENT
122.0,3995000.0,ROW_HOUSE
34.0,1295000.0,APARTMENT
35.9,1095000.0,APARTMENT
155.0,4500000.0,HOUSE
54.5,2495000.0,APARTMENT
113.0,1900000.0,ROW_HOUSE
54.0,2495000.0,APARTMENT
80.0,2695000.0,APARTMENT
76.0,850000.0,APARTMENT
192.0,5995000.0,HOUSE
29.0,2775000.0,APARTMENT
39.0,1895000.0,APARTMENT
62.0,1095000.0,APARTMENT
74.0,2450000.0,APARTMENT
106.5,3495000.0,APARTMENT
101.0,2795000.0,APARTMENT
92.6,2850000.0,APARTMENT
59.0,1995000.0,APARTMENT
47.0,2495000.0,APARTMENT
65.0,3850000.0,APARTMENT
40.5,1650000.0,APARTMENT
82.9,4125000.0,APARTMENT
182.0,8775000.0,HOUSE
117.0,2950000.0,ROW_HOUSE
76.5,2695000.0,APARTMENT
146.0,450000.0,HOUSE
63.0,1800000.0,APARTMENT
55.0,1995000.0,APARTMENT
100.0,7450000.0,APARTMENT
38.0,1795000.0,APARTMENT
33.0,2190000.0,APARTMENT
148.0,2995000.0,HOUSE
68.0,3995000.0,APARTMENT
130.0,2995000.0,HOUSE
132.0,4195000.0,ROW_HOUSE
42.0,1395000.0,APARTMENT
76.0,1990000.0,APARTMENT
240.0,2895000.0,HOUSE
220.0,2750000.0,HOUSE
36.6,1795000.0,APARTMENT
63.0,1795000.0,APARTMENT
52.0,1995000.0,APARTMENT
41.9,1675000.0,APARTMENT
110.0,2995000.0,HOUSE
78.0,2450000.0,APARTMENT
55.0,1295000.0,APARTMENT
71.0,2995000.0,APARTMENT
57.5,1950000.0,ROW_HOUSE
53.0,2095000.0,APARTMENT
223.0,3795000.0,HOUSE
92.0,1890000.0,APARTMENT
113.0,6495000.0,HOUSE
35.0,2250000.0,APARTMENT
47.6,1950000.0,APARTMENT
84.5,2550000.0,APARTMENT
73.0,1995000.0,APARTMENT
222.0,5695000.0,HOUSE
73.0,1500000.0,APARTMENT
50.5,1525000.0,APARTMENT
47.5,2995000.0,APARTMENT
104.0,3595000.0,ROW_HOUSE
238.0,6895000.0,HOUSE
93.0,1380000.0,APARTMENT
55.0,950000.0,APARTMENT
41.0,740000.0,APARTMENT
181.0,900000.0,HOUSE
102.0,1100000.0,HOUSE
138.0,650000.0,HOUSE
52.5,890000.0,APARTMENT
76.5,575000.0,APARTMENT
64.0,1995000.0,APARTMENT
191.0,4650000.0,HOUSE
243.0,1600000.0,HOUSE
189.0,650000.0,HOUSE
50.5,1275000.0,APARTMENT
117.0,2495000.0,HOUSE
244.0,3250000.0,HOUSE
58.0,1600000.0,APARTMENT
64.5,1195000.0,APARTMENT
76.0,2190000.0,APARTMENT
74.0,2495000.0,APARTMENT
139.0,5995000.0,APARTMENT
96.0,3595000.0,ROW_HOUSE
45.0,2995000.0,APARTMENT
36.5,1295000.0,APARTMENT
53.0,1950000.0,APARTMENT
75.0,2350000.0,APARTMENT
82.0,4595000.0,APARTMENT
60.0,1675000.0,APARTMENT
70.0,2250000.0,APARTMENT
70.0,150000.0,HOUSE
59.5,1695000.0,APARTMENT
170.0,9800000.0,HOUSE
69.0,4195000.0,APARTMENT
77.5,1175000.0,APARTMENT
54.0,1345000.0,APARTMENT
190.0,2595000.0,HOUSE
89.0,8000000.0,APARTMENT
56.0,4950000.0,APARTMENT
41.0,4495000.0,APARTMENT
75.0,3495000.0,APARTMENT
140.0,2800000.0,HOUSE
63.0,2795000.0,APARTMENT
144.0,7495000.0,HOUSE
74.0,1495000.0,APARTMENT
50.5,2195000.0,APARTMENT
50.0,3495000.0,APARTMENT
176.0,9995000.0,HOUSE
80.0,2595000.0,APARTMENT
81.0,4795000.0,APARTMENT
110.0,9450000.0,APARTMENT
112.0,4195000.0,APARTMENT
77.0,2250000.0,APARTMENT
55.5,780000.0,APARTMENT
85.0,1295000.0,APARTMENT
36.5,1395000.0,APARTMENT
36.5,950000.0,APARTMENT
128.0,1250000.0,APARTMENT
71.0,1695000.0,APARTMENT
130.0,2395000.0,HOUSE
54.0,2350000.0,APARTMENT
59.8,1425000.0,APARTMENT
110.0,6000000.0,HOUSE
42.0,2350000.0,APARTMENT
49.0,1750000.0,APARTMENT
34.0,225000.0,APARTMENT
235.0,1295000.0,HOUSE
45.0,2190000.0,APARTMENT
56.0,450000.0,APARTMENT
59.0,2995000.0,APARTMENT
57.5,750000.0,APARTMENT
60.5,650000.0,APARTMENT
55.0,5995000.0,APARTMENT
135.0,2895000.0,APARTMENT
300.0,4295000.0,HOUSE
45.0,1495000.0,APARTMENT
47.0,1650000.0,APARTMENT
227.0,1695000.0,HOUSE
107.0,2495000.0,ROW_HOUSE
106.0,6000000.0,APARTMENT
59.0,1950000.0,APARTMENT
57.5,995000.0,APARTMENT
55.0,1800000.0,APARTMENT
91.0,5750000.0,APARTMENT
202.0,8290000.0,HOUSE
44.0,4650000.0,APARTMENT
92.0,2375000.0,APARTMENT
64.0,595000.0,APARTMENT
64.0,1895000.0,APARTMENT
42.0,2995000.0,APARTMENT
125.0,2495000.0,APARTMENT
174.0,750000.0,HOUSE
164.0,3975000.0,APARTMENT
198.0,4795000.0,HOUSE
110.0,5450000.0,HOUSE
223.0,1995000.0,HOUSE
40.0,450000.0,APARTMENT
34.0,1499000.0,APARTMENT
107.0,2875000.0,APARTMENT
190.0,4850000.0,HOUSE
47.0,2895000.0,APARTMENT
64.0,3095000.0,APARTMENT
54.8,1850000.0,APARTMENT
85.0,1895000.0,APARTMENT
213.0,5995000.0,HOUSE
53.0,2095000.0,APARTMENT
90.0,2195000.0,APARTMENT
37.0,3675000.0,APARTMENT
62.0,1745000.0,APARTMENT
40.0,1050000.0,APARTMENT
68.0,1295000.0,APARTMENT
45.8,1995000.0,APARTMENT
41.0,2375000.0,APARTMENT
79.0,5495000.0,APARTMENT
92.5,2495000.0,ROW_HOUSE
89.0,1750000.0,APARTMENT
32.0,995000.0,APARTMENT
112.5,3095000.0,ROW_HOUSE
65.0,1625000.0,APARTMENT
85.0,5195000.0,APARTMENT
100.0,995000.0,HOUSE
55.0,2495000.0,APARTMENT
180.0,2595000.0,HOUSE
181.0,6995000.0,HOUSE
172.0,1650000.0,HOUSE
68.0,2595000.0,HOUSE
54.0,1425000.0,APARTMENT
35.0,1695000.0,APARTMENT
49.8,1750000.0,APARTMENT
90.0,2195000.0,APARTMENT
67.0,2295000.0,APARTMENT
299.0,1495000.0,HOUSE
91.0,3295000.0,APARTMENT
90.0,5895000.0,APARTMENT
61.0,1695000.0,APARTMENT
76.0,185000.0,APARTMENT
116.0,5495000.0,APARTMENT
75.0,2450000.0,APARTMENT
213.0,3800000.0,HOUSE
195.0,4495000.0,HOUSE
120.0,8000000.0,APARTMENT
50.0,2795000.0,APARTMENT
21.5,695000.0,APARTMENT
178.0,3050000.0,HOUSE
61.0,1595000.0,APARTMENT
191.0,5995000.0,HOUSE
68.0,2195000.0,APARTMENT
60.0,5250000.0,APARTMENT
82.5,1695000.0,APARTMENT
96.0,3495000.0,ROW_HOUSE
50.0,495000.0,APARTMENT
30.0,1695000.0,APARTMENT
97.0,6990000.0,APARTMENT
82.0,3695000.0,APARTMENT
94.0,3250000.0,APARTMENT
53.0,645000.0,APARTMENT
89.0,3850000.0,APARTMENT
69.0,1695000.0,APARTMENT
88.0,2100000.0,APARTMENT
195.0,5395000.0,HOUSE
68.0,4150000.0,APARTMENT
93.0,1850000.0,APARTMENT
38.9,2750000.0,APARTMENT
106.0,950000.0,HOUSE
65.0,2850000.0,APARTMENT
51.0,1950000.0,APARTMENT
75.0,1895000.0,APARTMENT
103.0,1900000.0,APARTMENT
36.0,1495000.0,APARTMENT
88.0,2495000.0,APARTMENT
47.0,3240000.0,APARTMENT
79.7,2295000.0,APARTMENT
114.0,5595000.0,ROW_HOUSE
31.0,1310000.0,APARTMENT
37.0,2290000.0,APARTMENT
87.0,3695000.0,APARTMENT
140.0,6995000.0,HOUSE
60.0,1095000.0,APARTMENT
64.0,1895000.0,APARTMENT
82.0,1700000.0,APARTMENT
79.0,1075000.0,APARTMENT
79.0,2995000.0,APARTMENT
125.0,4459000.0,HOUSE
105.0,5695000.0,APARTMENT
94.0,4200000.0,APARTMENT
73.0,3925000.0,APARTMENT
53.0,1595000.0,APARTMENT
79.0,3395000.0,APARTMENT
50.0,5545000.0,APARTMENT
197.0,4595000.0,HOUSE
55.0,2290000.0,APARTMENT
96.0,9795000.0,APARTMENT
54.2,1200000.0,APARTMENT
69.5,1250000.0,APARTMENT
287.0,2695000.0,HOUSE
33.0,2250000.0,APARTMENT
69.0,1365000.0,APARTMENT
192.0,9395000.0,HOUSE
115.0,3995000.0,APARTMENT
60.0,2250000.0,APARTMENT
47.5,1653250.0,APARTMENT
101.0,2995000.0,APARTMENT
105.0,1495000.0,HOUSE
43.0,3995000.0,APARTMENT
42.0,2450000.0,APARTMENT
36.0,1790000.0,APARTMENT
52.0,2995000.0,APARTMENT
61.5,675000.0,APARTMENT
175.0,4790000.0,HOUSE
122.8,2450000.0,ROW_HOUSE
138.0,4395000.0,APARTMENT
125.0,1295000.0,HOUSE
58.5,1195000.0,APARTMENT
66.0,1995000.0,APARTMENT
86.0,4725000.0,APARTMENT
55.0,2795000.0,APARTMENT
61.0,895000.0,APARTMENT
55.0,4695000.0,APARTMENT
85.0,2995000.0,APARTMENT
60.0,2995000.0,HOUSE
78.5,1995000.0,APARTMENT
19.0,1475000.0,APARTMENT
61.0,1395000.0,APARTMENT
60.5,775000.0,APARTMENT
79.0,3400000.0,APARTMENT
39.0,1795000.0,APARTMENT
38.0,1150000.0,APARTMENT
194.0,3395000.0,HOUSE
242.0,2995000.0,HOUSE
52.0,1695000.0,APARTMENT
80.9,1795000.0,APARTMENT
85.0,2595000.0,APARTMENT
52.0,1195000.0,APARTMENT
44.0,2195000.0,APARTMENT
80.5,2195000.0,APARTMENT
79.4,1995000.0,APARTMENT
53.0,1895000.0,APARTMENT
76.0,2195000.0,APARTMENT
32.0,225000.0,APARTMENT
142.0,2125000.0,ROW_HOUSE
49.0,1830000.0,APARTMENT
58.0,1995000.0,APARTMENT
47.0,3595000.0,APARTMENT
50.0,2735000.0,APARTMENT
44.6,1135000.0,APARTMENT
148.0,2895000.0,HOUSE
58.0,2250000.0,APARTMENT
45.0,3495000.0,APARTMENT
59.9,1595000.0,APARTMENT
65.0,375000.0,HOUSE
93.0,6895000.0,APARTMENT
102.0,2350000.0,APARTMENT
71.0,2995000.0,APARTMENT
28.0,2995000.0,APARTMENT
71.0,6250000.0,APARTMENT
55.0,1950000.0,APARTMENT
34.9,2090000.0,APARTMENT
83.0,1095000.0,APARTMENT
98.0,745000.0,APARTMENT
153.0,8195000.0,HOUSE
64.0,1400000.0,APARTMENT
93.0,4000000.0,APARTMENT
84.0,5395000.0,APARTMENT
59.0,2495000.0,APARTMENT
66.2,1295000.0,APARTMENT
61.0,1995000.0,APARTMENT
91.0,5795000.0,APARTMENT
72.5,995000.0,APARTMENT
120.0,6375000.0,HOUSE
187.0,1890000.0,HOUSE
148.0,7995000.0,ROW_HOUSE
48.0,1450000.0,APARTMENT
69.3,1825000.0,APARTMENT
110.0,1850000.0,HOUSE
72.0,795000.0,APARTMENT
105.2,2395000.0,APARTMENT
69.0,1895000.0,APARTMENT
95.0,3995000.0,APARTMENT
161.0,5800000.0,HOUSE
59.0,1995000.0,APARTMENT
56.0,5695000.0,APARTMENT
86.0,2995000.0,APARTMENT
73.0,4350000.0,APARTMENT
237.0,595000.0,HOUSE
84.0,7575000.0,APARTMENT
176.0,4995000.0,ROW_HOUSE
92.0,3350000.0,ROW_HOUSE
65.5,1560000.0,APARTMENT
93.5,3200000.0,APARTMENT
107.0,3575000.0,ROW_HOUSE
39.0,1319000.0,APARTMENT
164.0,3700000.0,HOUSE
83.0,2995000.0,ROW_HOUSE
111.0,4995000.0,HOUSE
57.0,495000.0,APARTMENT
53.5,2295000.0,APARTMENT
59.0,1250000.0,APARTMENT
60.5,1500000.0,APARTMENT
100.0,2350000.0,APARTMENT
47.5,599000.0,APARTMENT
97.0,2495000.0,APARTMENT
72.0,325000.0,APARTMENT
58.5,1695000.0,APARTMENT
35.0,1095000.0,APARTMENT
92.0,4650000.0,APARTMENT
165.0,3395000.0,HOUSE
121.0,3500000.0,ROW_HOUSE
98.5,5195000.0,APARTMENT
65.0,1150000.0,APARTMENT
92.0,2000000.0,HOUSE
41.0,425000.0,APARTMENT
166.0,1950000.0,HOUSE
46.0,1795000.0,APARTMENT
52.0,1875000.0,APARTMENT
55.0,1395000.0,APARTMENT
76.5,1695000.0,APARTMENT
87.0,2895000.0,APARTMENT
149.0,1495000.0,APARTMENT
167.0,495000.0,HOUSE
37.0,3495000.0,APARTMENT
39.0,1295000.0,APARTMENT
185.0,4575000.0,HOUSE
126.0,3750000.0,HOUSE
51.0,1695000.0,APARTMENT
61.0,2195000.0,APARTMENT
125.0,6250000.0,APARTMENT
82.0,1600000.0,HOUSE
96.0,4995000.0,APARTMENT
105.0,4595000.0,ROW_HOUSE
33.0,550000.0,APARTMENT
47.0,2995000.0,APARTMENT
150.0,6195000.0,HOUSE
25.0,1395000.0,APARTMENT
31.5,1595000.0,APARTMENT
75.0,1795000.0,APARTMENT
165.0,6795000.0,HOUSE
77.5,1095000.0,APARTMENT
56.0,1325000.0,APARTMENT
108.0,3995000.0,ROW_HOUSE
71.0,1550000.0,APARTMENT
67.0,1295000.0,APARTMENT
74.6,3250000.0,APARTMENT
234.0,2685000.0,HOUSE
219.0,1300000.0,HOUSE
162.0,5250000.0,HOUSE
192.0,2995000.0,HOUSE
133.0,4495000.0,HOUSE
81.0,3995000.0,APARTMENT
199.0,1750000.0,HOUSE
142.0,4700000.0,HOUSE
70.0,3995000.0,APARTMENT
50.0,2300000.0,APARTMENT
76.0,2895000.0,APARTMENT
71.5,1695000.0,APARTMENT
37.0,3150000.0,APARTMENT
44.0,2595000.0,APARTMENT
28.0,2995000.0,APARTMENT
256.0,3975000.0,HOUSE
59.5,1795000.0,APARTMENT
120.0,4195000.0,ROW_HOUSE
58.0,2695000.0,APARTMENT
69.0,2995000.0,APARTMENT
82.0,6950000.0,APARTMENT
66.0,2495000.0,APARTMENT
53.0,525000.0,APARTMENT
60.0,1395000.0,APARTMENT
110.0,3195000.0,ROW_HOUSE
202.0,3995000.0,HOUSE
81.0,3295000.0,APARTMENT
78.0,6795000.0,APARTMENT
36.0,1795000.0,APARTMENT
216.0,2900000.0,HOUSE
41.0,1595000.0,APARTMENT
105.0,2395000.0,ROW_HOUSE
239.0,1795000.0,HOUSE
176.0,3395000.0,HOUSE
200.0,5995000.0,HOUSE
112.0,3495000.0,APARTMENT
74.0,1795000.0,APARTMENT
55.0,2795000.0,APARTMENT
40.0,1495000.0,APARTMENT
77.0,4895000.0,APARTMENT
57.8,3395000.0,APARTMENT
24.4,1395000.0,APARTMENT
188.0,2795000.0,ROW_HOUSE
72.0,2110000.0,APARTMENT
60.0,2950000.0,APARTMENT
54.0,2375000.0,APARTMENT
130.0,1095000.0,HOUSE
169.0,1295000.0,HOUSE
63.0,1850000.0,APARTMENT
44.0,1475000.0,APARTMENT
75.0,3895000.0,APARTMENT
34.5,2500000.0,APARTMENT
118.0,7095000.0,APARTMENT
20.5,495000.0,APARTMENT
56.0,1550000.0,APARTMENT
74.0,3345000.0,APARTMENT
15.0,1495000.0,APARTMENT
207.0,3800000.0,HOUSE
41.0,750000.0,APARTMENT
54.0,2295000.0,APARTMENT
59.0,1195000.0,APARTMENT
183.0,2200000.0,HOUSE
82.0,3750000.0,APARTMENT
97.0,3550000.0,APARTMENT
70.0,2750000.0,APARTMENT
57.5,2295000.0,APARTMENT
57.0,2095000.0,APARTMENT
74.7,1295000.0,APARTMENT
128.0,3600000.0,ROW_HOUSE
329.0,5750000.0,HOUSE
41.5,1990000.0,APARTMENT
79.0,2150000.0,APARTMENT
50.0,1795000.0,APARTMENT
42.5,450000.0,APARTMENT
86.0,3895000.0,APARTMENT
81.0,2150000.0,APARTMENT
70.0,2950000.0,APARTMENT
107.0,5790000.0,APARTMENT
65.0,4795000.0,APARTMENT
72.9,1750000.0,APARTMENT
281.0,1695000.0,HOUSE
50.0,2295000.0,APARTMENT
245.0,3595000.0,HOUSE
146.0,550000.0,HOUSE
101.0,3595000.0,APARTMENT
126.0,2200000.0,HOUSE
91.0,7995000.0,APARTMENT
84.5,2195000.0,APARTMENT
111.5,3995000.0,APARTMENT
41.0,4695000.0,APARTMENT
47.0,1050000.0,APARTMENT
178.0,1925000.0,HOUSE
143.0,6650000.0,APARTMENT
161.0,8500000.0,HOUSE
70.0,2495000.0,APARTMENT
70.8,1750000.0,APARTMENT
203.0,2950000.0,ROW_HOUSE
73.0,4495000.0,APARTMENT
120.0,3795000.0,HOUSE
52.0,275000.0,APARTMENT
95.5,5350000.0,APARTMENT
81.5,1495000.0,APARTMENT
24.0,950000.0,APARTMENT
60.5,895000.0,APARTMENT
58.0,1225000.0,APARTMENT
68.0,2195000.0,APARTMENT
178.0,4950000.0,HOUSE
88.0,3195000.0,APARTMENT
38.0,575000.0,APARTMENT
77.5,395000.0,APARTMENT
101.0,3295000.0,HOUSE
54.0,7450000.0,APARTMENT
49.0,995000.0,APARTMENT
73.1,1195000.0,APARTMENT
109.0,5095000.0,HOUSE
73.0,2895000.0,APARTMENT
65.0,1795000.0,APARTMENT
131.7,7995000.0,ROW_HOUSE
197.0,5650000.0,HOUSE
77.0,1000000.0,APARTMENT
56.0,1895000.0,APARTMENT
80.0,2245000.0,APARTMENT
35.6,1025000.0,APARTMENT
66.0,1695000.0,APARTMENT
42.8,895000.0,APARTMENT
42.0,1195000.0,APARTMENT
54.0,950000.0,APARTMENT
64.0,2095000.0,APARTMENT
102.4,4970000.0,HOUSE
51.0,2275000.0,APARTMENT
54.0,2295000.0,APARTMENT
69.0,1350000.0,APARTMENT
57.0,4095000.0,APARTMENT
64.5,1325000.0,APARTMENT
58.5,1395000.0,APARTMENT
100.0,2695000.0,APARTMENT
123.0,650000.0,HOUSE
27.0,2420000.0,APARTMENT
265.0,4395000.0,HOUSE
77.5,995000.0,APARTMENT
87.0,2395000.0,APARTMENT
82.0,4695000.0,APARTMENT
43.9,2795000.0,APARTMENT
170.0,2795000.0,HOUSE
45.0,2795000.0,APARTMENT
62.5,1995000.0,APARTMENT
177.79999999999998,8125000.0,HOUSE
179.0,1495000.0,HOUSE
96.0,1475000.0,APARTMENT
78.0,2875000.0,APARTMENT
105.0,2695000.0,APARTMENT
54.0,1395000.0,APARTMENT
127.0,795000.0,HOUSE
121.0,4300000.0,HOUSE
47.0,1495000.0,APARTMENT
62.0,4995000.0,APARTMENT
224.0,4300000.0,HOUSE
95.0,3145000.0,APARTMENT
87.0,2795000.0,APARTMENT
134.8,3495000.0,APARTMENT
54.0,895000.0,APARTMENT
81.0,3695000.0,APARTMENT
66.0,3590000.0,APARTMENT
45.0,3250000.0,APARTMENT
60.0,1425000.0,APARTMENT
183.0,3400000.0,HOUSE
142.0,4550000.0,HOUSE
101.5,5995000.0,APARTMENT
24.0,1295000.0,APARTMENT
65.5,650000.0,APARTMENT
194.0,3995000.0,HOUSE
73.0,1395000.0,APARTMENT
155.0,4995000.0,HOUSE
64.0,1650000.0,APARTMENT
156.0,400000.0,HOUSE
54.0,1850000.0,APARTMENT
72.0,2095000.0,APARTMENT
191.0,2750000.0,HOUSE
45.0,3595000.0,APARTMENT
56.0,595000.0,APARTMENT
248.0,5795000.0,HOUSE
145.0,4595000.0,HOUSE
82.5,4195000.0,APARTMENT
149.0,3695000.0,ROW_HOUSE
81.0,675000.0,APARTMENT
88.0,1595000.0,APARTMENT
105.5,2595000.0,APARTMENT
78.0,6895000.0,APARTMENT
78.5,1095000.0,APARTMENT
88.0,5995000.0,APARTMENT
108.0,6375000.0,APARTMENT
42.5,875000.0,APARTMENT
117.0,2995000.0,ROW_HOUSE
51.0,2395000.0,HOUSE
43.0,1495000.0,APARTMENT
160.0,1250000.0,HOUSE
61.0,6495000.0,APARTMENT
109.0,6800000.0,APARTMENT
144.0,1750000.0,HOUSE
72.4,2995000.0,APARTMENT
45.0,1850000.0,APARTMENT
94.0,3690000.0,APARTMENT
34.0,1395000.0,APARTMENT
81.0,4595000.0,APARTMENT
80.0,9250000.0,APARTMENT
268.0,7975000.0,HOUSE
64.0,1250000.0,APARTMENT
75.0,3900000.0,APARTMENT
176.0,4495000.0,HOUSE
61.0,3995000.0,APARTMENT
36.0,695000.0,APARTMENT
24.0,1095000.0,APARTMENT
39.5,1995000.0,APARTMENT
64.4,750000.0,APARTMENT
198.0,7695000.0,HOUSE
41.5,720000.0,APARTMENT
63.0,2795000.0,APARTMENT
43.0,540000.0,APARTMENT
96.0,3595000.0,APARTMENT
227.0,2695000.0,HOUSE
31.0,4000000.0,APARTMENT
57.0,425000.0,APARTMENT
24.0,375000.0,APARTMENT
73.5,3290000.0,APARTMENT
67.0,2350000.0,APARTMENT
121.0,2590000.0,HOUSE
86.0,6100000.0,APARTMENT
115.0,2395000.0,HOUSE
65.0,2995000.0,APARTMENT
69.5,2495000.0,APARTMENT
48.0,1095000.0,APARTMENT
174.0,1175000.0,HOUSE
49.0,2295000.0,APARTMENT
208.0,1250000.0,HOUSE
35.0,1295000.0,APARTMENT
59.0,3095000.0,APARTMENT
76.5,5975000.0,APARTMENT
88.6,4095000.0,APARTMENT
128.0,5495000.0,HOUSE
138.0,5895000.0,HOUSE
81.0,2995000.0,HOUSE
175.0,5995000.0,HOUSE
36.0,640000.0,APARTMENT
102.0,2995000.0,APARTMENT
252.0,9000000.0,APARTMENT
74.0,1395000.0,APARTMENT
108.0,7500000.0,APARTMENT
42.0,2075000.0,APARTMENT
59.5,1295000.0,APARTMENT
53.0,1525000.0,APARTMENT
52.0,1450000.0,APARTMENT
120.0,4250000.0,HOUSE
26.0,2895000.0,APARTMENT
50.0,775000.0,APARTMENT
52.0,1195000.0,APARTMENT
68.0,1595000.0,APARTMENT
46.0,2845000.0,APARTMENT
254.0,2195000.0,HOUSE
258.0,1595000.0,HOUSE
44.0,2095000.0,APARTMENT
182.0,2595000.0,HOUSE
171.0,4150000.0,HOUSE
52.0,595000.0,APARTMENT
155.0,2450000.0,HOUSE
90.0,6495000.0,APARTMENT
79.0,1995000.0,APARTMENT
73.0,2450000.0,ROW_HOUSE
67.0,3350000.0,APARTMENT
112.0,2750000.0,APARTMENT
101.0,4695000.0,APARTMENT
179.0,3550000.0,HOUSE
148.0,5600000.0,APARTMENT
63.0,5995000.0,APARTMENT
163.0,1200000.0,HOUSE
74.0,2095000.0,APARTMENT
24.0,1595000.0,APARTMENT
95.0,3490000.0,HOUSE
75.0,2395000.0,APARTMENT
160.0,5295000.0,HOUSE
212.0,1995000.0,HOUSE
64.1,2495000.0,APARTMENT
190.0,5975000.0,HOUSE
57.0,1890000.0,APARTMENT
55.0,6090000.0,APARTMENT
139.0,3400000.0,HOUSE
78.0,1895000.0,APARTMENT
119.0,4995000.0,APARTMENT
126.0,4895000.0,ROW_HOUSE
234.0,2395000.0,HOUSE
34.0,1395000.0,APARTMENT
56.0,1575000.0,APARTMENT
33.0,930000.0,APARTMENT
63.0,695000.0,APARTMENT
201.0,2325000.0,APARTMENT
237.0,2190000.0,HOUSE
116.0,2995000.0,APARTMENT
109.0,3095000.0,APARTMENT
121.0,2995000.0,APARTMENT
55.0,2195000.0,APARTMENT
85.0,1950000.0,APARTMENT
77.5,2395000.0,APARTMENT
124.0,9995000.0,APARTMENT
52.0,1595000.0,APARTMENT
135.0,3495000.0,HOUSE
150.0,1400000.0,HOUSE
77.0,2450000.0,APARTMENT
40.0,2595000.0,APARTMENT
49.0,1400000.0,APARTMENT
16.0,750000.0,APARTMENT
78.0,1750000.0,APARTMENT
64.5,1675000.0,APARTMENT
135.0,3295000.0,HOUSE
84.5,2495000.0,ROW_HOUSE
41.7,2595000.0,APARTMENT
64.0,1995000.0,APARTMENT
55.0,3995000.0,APARTMENT
81.0,1950000.0,APARTMENT
125.0,1800000.0,HOUSE
59.0,5750000.0,APARTMENT
72.0,4695000.0,APARTMENT
261.0,995000.0,HOUSE
145.0,795000.0,HOUSE
160.0,2595000.0,ROW_HOUSE
176.0,3495000.0,HOUSE
44.0,1645000.0,APARTMENT
54.0,1995000.0,APARTMENT
78.5,2250000.0,APARTMENT
81.0,2100000.0,APARTMENT
82.0,2745000.0,APARTMENT
52.0,2350000.0,APARTMENT
56.0,4395000.0,APARTMENT
99.0,5995000.0,APARTMENT
72.0,3350000.0,APARTMENT
37.0,1545000.0,APARTMENT
50.0,2595000.0,APARTMENT
159.0,7495000.0,HOUSE
301.0,2395000.0,HOUSE
151.0,2095000.0,HOUSE
29.0,795000.0,APARTMENT
80.0,1545000.0,APARTMENT
178.0,6695000.0,HOUSE
52.0,2995000.0,APARTMENT
55.0,1195000.0,APARTMENT
186.0,3995000.0,HOUSE
74.0,3195000.0,APARTMENT
140.0,6490000.0,HOUSE
291.0,3750000.0,HOUSE
69.0,695000.0,APARTMENT
74.0,3950000.0,APARTMENT
37.0,1695000.0,APARTMENT
119.9,775000.0,APARTMENT
66.5,1995000.0,APARTMENT
146.0,1595000.0,APARTMENT
393.0,2495000.0,HOUSE
108.7,2275000.0,APARTMENT
32.0,1695000.0,APARTMENT
43.0,1650000.0,APARTMENT
142.0,3650000.0,ROW_HOUSE
93.8,1495000.0,APARTMENT
124.0,2995000.0,APARTMENT
102.5,2550000.0,APARTMENT
81.0,3195000.0,APARTMENT
57.0,1795000.0,APARTMENT
97.0,3000000.0,HOUSE
33.2,1485000.0,APARTMENT
87.0,2695000.0,APARTMENT
156.0,3895000.0,HOUSE
61.0,1895000.0,APARTMENT
120.0,2995000.0,HOUSE
150.0,7295000.0,HOUSE
92.0,4495000.0,APARTMENT
69.0,2450000.0,APARTMENT
198.0,5950000.0,HOUSE
29.0,1270000.0,APARTMENT
121.0,4350000.0,ROW_HOUSE
61.5,1795000.0,APARTMENT
64.5,1895000.0,APARTMENT
68.0,1850000.0,APARTMENT
225.0,6195000.0,HOUSE
54.5,1350000.0,APARTMENT
54.0,875000.0,APARTMENT
56.0,2398000.0,APARTMENT
52.0,2995000.0,APARTMENT
107.0,2595000.0,APARTMENT
47.0,3095000.0,APARTMENT
45.0,2200000.0,APARTMENT
43.0,925000.0,APARTMENT
67.0,2995000.0,APARTMENT
142.0,4595000.0,ROW_HOUSE
72.0,4495000.0,APARTMENT
35.0,1195000.0,APARTMENT
110.0,6195000.0,APARTMENT
65.0,4695000.0,APARTMENT
51.0,775000.0,APARTMENT
42.0,1450000.0,APARTMENT
117.0,3295000.0,ROW_HOUSE
210.0,2490000.0,HOUSE
89.0,4795000.0,APARTMENT
84.0,1595000.0,APARTMENT
71.0,2795000.0,APARTMENT
52.0,1950000.0,APARTMENT
78.5,3495000.0,APARTMENT
55.0,1850000.0,APARTMENT
62.0,4695000.0,APARTMENT
24.0,1895000.0,APARTMENT
109.0,2295000.0,ROW_HOUSE
347.0,6195000.0,HOUSE
23.0,1595000.0,APARTMENT
153.0,8350000.0,ROW_HOUSE
67.0,2495000.0,APARTMENT
49.0,3150000.0,APARTMENT
224.0,3025000.0,HOUSE
94.0,2350000.0,APARTMENT
56.0,2495000.0,APARTMENT
152.0,3995000.0,HOUSE
62.0,1195000.0,APARTMENT
78.0,2450000.0,APARTMENT
184.0,3650000.0,HOUSE
65.5,1995000.0,APARTMENT
148.0,2895000.0,HOUSE
79.0,495000.0,HOUSE
55.0,795000.0,APARTMENT
41.0,995000.0,APARTMENT
53.0,2650000.0,APARTMENT
33.0,2995000.0,APARTMENT
76.5,2295000.0,ROW_HOUSE
110.0,2995000.0,ROW_HOUSE
95.0,5995000.0,APARTMENT
104.5,975000.0,APARTMENT
63.0,1775000.0,APARTMENT
68.0,1595000.0,APARTMENT
80.0,225000.0,APARTMENT
82.0,2395000.0,APARTMENT
52.0,1395000.0,APARTMENT
99.0,3295000.0,HOUSE
202.0,5495000.0,APARTMENT
73.0,2275000.0,APARTMENT
66.0,1395000.0,APARTMENT
77.0,5350000.0,APARTMENT
41.5,1495000.0,APARTMENT
45.0,795000.0,APARTMENT
167.0,2225000.0,HOUSE
32.5,500000.0,APARTMENT
220.0,6495000.0,HOUSE
77.0,3400000.0,APARTMENT
57.5,2045000.0,APARTMENT
57.0,1495000.0,APARTMENT
48.0,2595000.0,APARTMENT
172.0,3695000.0,HOUSE
70.1,1995000.0,APARTMENT
239.0,1250000.0,HOUSE
117.0,2299500.0,ROW_HOUSE
118.0,3100000.0,ROW_HOUSE
208.0,4350000.0,HOUSE
63.0,5195000.0,APARTMENT
58.5,4495000.0,APARTMENT
25.5,2695000.0,APARTMENT
58.0,1795000.0,APARTMENT
166.0,2595000.0,HOUSE
85.0,950000.0,APARTMENT
69.0,1795000.0,APARTMENT
40.0,1300000.0,APARTMENT
190.0,1290000.0,HOUSE
88.0,3795000.0,APARTMENT
109.0,3495000.0,ROW_HOUSE
75.0,2195000.0,APARTMENT
79.0,2495000.0,APARTMENT
155.0,2500000.0,HOUSE
64.0,4350000.0,APARTMENT
65.0,395000.0,APARTMENT
49.0,1850000.0,APARTMENT
50.0,450000.0,APARTMENT
50.0,1425000.0,APARTMENT
64.0,1795000.0,APARTMENT
126.0,4375000.0,APARTMENT
70.0,1250000.0,APARTMENT
67.0,3495000.0,APARTMENT
100.0,4695000.0,APARTMENT
89.0,2887000.0,APARTMENT
58.5,495000.0,APARTMENT
78.7,3495000.0,APARTMENT
115.0,1695000.0,APARTMENT
75.0,2695000.0,APARTMENT
56.0,2490000.0,APARTMENT
59.0,1490000.0,APARTMENT
56.0,1595000.0,APARTMENT
214.0,6775000.0,HOUSE
149.0,1990000.0,APARTMENT
104.5,4790000.0,APARTMENT
44.0,1395000.0,APARTMENT
115.5,6885000.0,APARTMENT
45.0,2395000.0,APARTMENT
232.0,3250000.0,HOUSE
43.0,895000.0,APARTMENT
84.0,1575000.0,APARTMENT
90.0,1990000.0,APARTMENT
50.0,2575000.0,APARTMENT
254.0,1995000.0,HOUSE
53.0,2895000.0,APARTMENT
82.0,3975000.0,APARTMENT
64.0,995000.0,APARTMENT
140.0,675000.0,HOUSE
152.0,2750000.0,HOUSE
143.0,3000000.0,HOUSE
253.0,3995000.0,HOUSE
288.0,6950000.0,HOUSE
60.0,1875000.0,APARTMENT
117.0,3695000.0,HOUSE
76.5,1150000.0,APARTMENT
78.5,1995000.0,APARTMENT
112.5,2125000.0,ROW_HOUSE
38.0,2495000.0,APARTMENT
69.0,2395000.0,APARTMENT
198.0,6300000.0,HOUSE
61.0,1875000.0,HOUSE
122.0,9700000.0,APARTMENT
77.0,995000.0,ROW_HOUSE
31.0,1295000.0,APARTMENT
137.0,3995000.0,HOUSE
254.0,975000.0,HOUSE
69.5,2395000.0,APARTMENT
342.0,7845000.0,HOUSE
73.8,995000.0,APARTMENT
63.5,3395000.0,APARTMENT
79.0,3950000.0,APARTMENT
86.0,4995000.0,APARTMENT
44.0,1975000.0,APARTMENT
159.0,1575000.0,HOUSE
205.0,6895000.0,APARTMENT
100.1,2995000.0,APARTMENT
51.5,3250000.0,APARTMENT
86.5,4995000.0,APARTMENT
258.0,3995000.0,HOUSE
98.0,1795000.0,APARTMENT
125.0,4200000.0,HOUSE
64.8,1695000.0,APARTMENT
79.0,1250000.0,HOUSE
54.0,1850000.0,APARTMENT
23.0,1625000.0,APARTMENT
48.0,3995000.0,APARTMENT
83.5,5995000.0,APARTMENT
29.4,1500000.0,APARTMENT
54.0,2300000.0,APARTMENT
66.3,1795000.0,APARTMENT
77.0,2675000.0,APARTMENT
39.0,1350000.0,APARTMENT
118.0,6395000.0,ROW_HOUSE
101.0,4795000.0,APARTMENT
40.0,495000.0,APARTMENT
107.0,1450000.0,APARTMENT
71.3,625000.0,APARTMENT
36.0,795000.0,APARTMENT
77.0,2050000.0,APARTMENT
101.5,1850000.0,APARTMENT
195.0,995000.0,HOUSE
66.0,2350000.0,APARTMENT
53.0,1195000.0,APARTMENT
222.0,1050000.0,HOUSE
59.0,3695000.0,APARTMENT
224.0,1750000.0,HOUSE
335.0,2775000.0,HOUSE
36.0,2750000.0,APARTMENT
62.0,1700000.0,APARTMENT
64.0,1590000.0,APARTMENT
28.5,1750000.0,APARTMENT
81.0,2095000.0,APARTMENT
115.0,2750000.0,ROW_HOUSE
189.0,4490000.0,HOUSE
41.0,2395000.0,APARTMENT
112.0,2395000.0,HOUSE
53.0,5275000.0,APARTMENT
66.0,1795000.0,APARTMENT
79.0,3695000.0,APARTMENT
196.0,3795000.0,HOUSE
65.5,295000.0,APARTMENT
226.0,7495000.0,HOUSE
177.0,6195000.0,HOUSE
58.8,1495000.0,APARTMENT
68.0,1980000.0,APARTMENT
111.0,180000.0,APARTMENT
78.0,2495000.0,APARTMENT
76.5,1795000.0,APARTMENT
55.0,2095000.0,APARTMENT
94.0,6795000.0,APARTMENT
279.0,1350000.0,HOUSE
78.0,1895000.0,APARTMENT
146.0,5500000.0,HOUSE
57.0,1725000.0,APARTMENT
102.0,2295000.0,APARTMENT
54.0,1945000.0,APARTMENT
87.0,3995000.0,APARTMENT
58.0,1895000.0,APARTMENT
44.5,2695000.0,APARTMENT
241.0,2495000.0,HOUSE
76.0,2675000.0,APARTMENT
67.0,1795000.0,APARTMENT
71.0,690000.0,APARTMENT
63.1,2095000.0,APARTMENT
55.0,695000.0,APARTMENT
75.0,275000.0,APARTMENT
128.5,2995000.0,APARTMENT
94.0,5450000.0,APARTMENT
109.0,2895000.0,APARTMENT
89.6,3100000.0,APARTMENT
96.0,2995000.0,APARTMENT
88.0,1495000.0,HOUSE
142.0,2995000.0,HOUSE
65.0,3895000.0,APARTMENT
195.0,3895000.0,APARTMENT
245.0,4500000.0,HOUSE
252.0,3450000.0,HOUSE
96.0,1295000.0,APARTMENT
75.0,2995000.0,APARTMENT
60.0,1550000.0,APARTMENT
75.0,1150000.0,APARTMENT
155.0,1495000.0,HOUSE
83.0,695000.0,HOUSE
35.0,1845000.0,APARTMENT
79.0,2390000.0,APARTMENT
71.0,2995000.0,APARTMENT
84.5,2795000.0,APARTMENT
75.0,4250000.0,APARTMENT
80.8,2450000.0,APARTMENT
78.4,1995000.0,APARTMENT
34.0,300000.0,APARTMENT
65.0,1595000.0,APARTMENT
189.0,7000000.0,HOUSE
59.0,3495000.0,APARTMENT
170.0,1975000.0,HOUSE
56.0,2195000.0,APARTMENT
88.5,3450000.0,APARTMENT
72.0,3250000.0,APARTMENT
206.0,3900000.0,ROW_HOUSE
65.5,5895000.0,APARTMENT
49.0,1400000.0,APARTMENT
21.0,1195000.0,APARTMENT
146.0,1995000.0,HOUSE
45.0,1995000.0,APARTMENT
37.0,450000.0,APARTMENT
108.0,1195000.0,ROW_HOUSE
70.0,1895000.0,APARTMENT
101.7,7495000.0,APARTMENT
251.0,8750000.0,HOUSE
70.0,5995000.0,APARTMENT
59.5,240000.0,APARTMENT
29.0,3350000.0,APARTMENT
205.0,3195000.0,HOUSE
106.0,2600000.0,ROW_HOUSE
30.0,2000000.0,APARTMENT
67.0,2495000.0,APARTMENT
43.5,1795000.0,APARTMENT
63.0,2695000.0,APARTMENT
75.0,2495000.0,APARTMENT
73.5,2995000.0,APARTMENT
204.0,6450000.0,HOUSE
30.0,1295000.0,APARTMENT
83.0,4380000.0,APARTMENT
100.0,5950000.0,APARTMENT
36.0,1395000.0,APARTMENT
54.0,2250000.0,APARTMENT
77.0,7695000.0,APARTMENT
65.0,7450000.0,APARTMENT
218.0,2775000.0,HOUSE
69.0,2995000.0,APARTMENT
72.0,2095000.0,APARTMENT
58.3,1590000.0,APARTMENT
174.0,1395000.0,HOUSE
70.0,2495000.0,APARTMENT
65.5,1995000.0,APARTMENT
84.0,5895000.0,APARTMENT
76.5,2095000.0,APARTMENT
59.0,1145000.0,APARTMENT
185.0,6495000.0,HOUSE
165.0,1195000.0,HOUSE
83.9,3295000.0,APARTMENT
87.0,4995000.0,APARTMENT
51.0,1350000.0,APARTMENT
58.0,495000.0,APARTMENT
76.0,3095000.0,APARTMENT
96.0,1950000.0,APARTMENT
146.0,8895000.0,APARTMENT
88.0,7195000.0,APARTMENT
41.0,1750000.0,APARTMENT
58.5,2195000.0,APARTMENT
63.0,1750000.0,APARTMENT
241.0,1295000.0,HOUSE
71.0,1295000.0,APARTMENT
55.0,1545000.0,APARTMENT
194.0,4475000.0,HOUSE
58.5,1095000.0,APARTMENT
118.0,2850000.0,HOUSE
99.0,2995000.0,APARTMENT
173.0,2195000.0,HOUSE
33.0,1475000.0,APARTMENT
116.0,6807500.0,APARTMENT
83.0,2895000.0,APARTMENT
82.0,1850000.0,APARTMENT
180.0,5950000.0,HOUSE
80.0,4995000.0,APARTMENT
102.0,6395000.0,APARTMENT
88.0,3895000.0,APARTMENT
148.0,4495000.0,HOUSE
132.0,4350000.0,APARTMENT
40.5,150000.0,APARTMENT
147.0,4595000.0,HOUSE
37.0,3495000.0,APARTMENT
84.5,5295000.0,APARTMENT
110.0,2450000.0,ROW_HOUSE
33.5,650000.0,APARTMENT
61.3,3350000.0,APARTMENT
100.0,2800000.0,HOUSE
27.0,295000.0,APARTMENT
32.0,950000.0,APARTMENT
194.0,1750000.0,HOUSE
190.0,1795000.0,HOUSE
94.5,5375000.0,APARTMENT
67.0,2195000.0,APARTMENT
55.5,995000.0,APARTMENT
90.5,1895000.0,APARTMENT
50.0,1895000.0,APARTMENT
83.8,2050000.0,APARTMENT
85.0,3575000.0,APARTMENT
105.0,2295000.0,APARTMENT
88.0,875000.0,APARTMENT
112.3,2650000.0,ROW_HOUSE
254.0,7700000.0,HOUSE
182.0,2495000.0,HOUSE
52.0,2195000.0,APARTMENT
149.0,1995000.0,HOUSE
47.0,995000.0,APARTMENT
66.0,3295000.0,APARTMENT
108.0,2495000.0,ROW_HOUSE
43.0,4295000.0,APARTMENT
76.0,3195000.0,APARTMENT
22.5,1295000.0,APARTMENT
179.0,4000000.0,HOUSE
57.0,1495000.0,APARTMENT
145.0,4750000.0,HOUSE
32.0,1795000.0,APARTMENT
205.0,2295000.0,HOUSE
55.0,1175000.0,APARTMENT
66.5,2395000.0,APARTMENT
75.0,1695000.0,APARTMENT
83.0,3195000.0,APARTMENT
67.5,2350000.0,APARTMENT
60.0,575000.0,APARTMENT
51.4,1395000.0,APARTMENT
84.5,1290000.0,APARTMENT
38.5,3850000.0,APARTMENT
78.0,2695000.0,APARTMENT
68.0,1395000.0,APARTMENT
54.0,175000.0,APARTMENT
43.0,4495000.0,APARTMENT
145.0,5595000.0,HOUSE
62.0,1495000.0,APARTMENT
70.0,3895000.0,APARTMENT
137.0,3495000.0,APARTMENT
207.0,4495000.0,HOUSE
82.1,1749500.0,APARTMENT
90.0,2295000.0,APARTMENT
144.0,1545000.0,APARTMENT
45.0,1750000.0,APARTMENT
263.0,2495000.0,HOUSE
91.5,3895000.0,APARTMENT
142.0,6475000.0,HOUSE
88.0,3895000.0,APARTMENT
47.0,1300000.0,APARTMENT
90.0,2095000.0,APARTMENT
207.0,6995000.0,HOUSE
73.2,1990000.0,APARTMENT
91.0,3795000.0,APARTMENT
47.0,1695000.0,APARTMENT
178.0,815000.0,HOUSE
30.0,1645000.0,APARTMENT
257.0,2700000.0,HOUSE
60.0,1995000.0,HOUSE
72.0,1095000.0,APARTMENT
115.0,1095000.0,ROW_HOUSE
56.4,1695000.0,APARTMENT
84.0,4295000.0,ROW_HOUSE
62.0,3395000.0,APARTMENT
198.0,4795000.0,HOUSE
106.0,1995000.0,ROW_HOUSE
72.0,6295000.0,APARTMENT
29.5,350000.0,APARTMENT
138.0,4495000.0,HOUSE
53.0,1295000.0,APARTMENT
67.5,2299000.0,APARTMENT
78.0,1350000.0,APARTMENT
43.0,2695000.0,APARTMENT
120.0,2995000.0,ROW_HOUSE
39.0,595000.0,APARTMENT
82.4,4650000.0,APARTMENT
38.0,1845000.0,APARTMENT
90.0,850000.0,HOUSE
87.0,895000.0,APARTMENT
102.0,9950000.0,APARTMENT
67.0,1995000.0,APARTMENT
65.0,1750000.0,APARTMENT
95.0,2390000.0,APARTMENT
232.0,2595000.0,HOUSE
370.0,6990000.0,HOUSE
66.0,1475000.0,APARTMENT
82.0,2695000.0,APARTMENT
54.0,2195000.0,APARTMENT
112.0,2095000.0,APARTMENT
182.0,1950000.0,HOUSE
54.0,2950000.0,APARTMENT
152.0,1795000.0,HOUSE
109.0,1695000.0,HOUSE
123.0,4695000.0,ROW_HOUSE
59.0,2295000.0,APARTMENT
20.0,1695000.0,APARTMENT
175.0,5950000.0,HOUSE
81.0,2995000.0,APARTMENT
148.0,1595000.0,ROW_HOUSE
70.0,2795000.0,APARTMENT
54.0,1395000.0,APARTMENT
77.0,2500000.0,APARTMENT
129.0,5795000.0,HOUSE
63.5,1795000.0,APARTMENT
40.5,3990000.0,APARTMENT
110.0,1795000.0,HOUSE
28.0,695000.0,APARTMENT
72.0,1695000.0,APARTMENT
156.0,2795000.0,HOUSE
206.0,3695000.0,HOUSE
77.0,1995000.0,APARTMENT
61.5,3395000.0,APARTMENT
45.0,1795000.0,APARTMENT
113.0,4295000.0,APARTMENT
168.0,4395000.0,HOUSE
163.0,2750000.0,HOUSE
216.0,2295000.0,HOUSE
222.0,3790000.0,HOUSE
92.0,3295000.0,ROW_HOUSE
45.0,4195000.0,APARTMENT
82.3,2200000.0,APARTMENT
69.0,650000.0,APARTMENT
64.0,1995000.0,APARTMENT
85.0,4500000.0,ROW_HOUSE
44.0,1795000.0,APARTMENT
48.2,2795000.0,APARTMENT
167.0,4500000.0,HOUSE
86.0,3295000.0,APARTMENT
110.0,2395000.0,APARTMENT
134.0,3795000.0,ROW_HOUSE
205.0,6595000.0,HOUSE
63.0,1650000.0,APARTMENT
95.0,5995000.0,APARTMENT
58.0,1995000.0,APARTMENT
90.0,4995000.0,APARTMENT
110.0,1995000.0,HOUSE
80.5,4995000.0,APARTMENT
139.0,1615600.0,APARTMENT
88.0,2250000.0,APARTMENT
121.0,2600000.0,HOUSE
60.0,2995000.0,APARTMENT
72.0,2100000.0,APARTMENT
103.0,3395000.0,APARTMENT
62.0,2250000.0,APARTMENT
178.0,4490000.0,HOUSE
190.0,8995000.0,HOUSE
105.0,2375000.0,APARTMENT
78.0,7695000.0,APARTMENT
71.0,2495000.0,APARTMENT
70.2,2195000.0,APARTMENT
185.0,6850000.0,APARTMENT
41.0,2995000.0,APARTMENT
37.0,1095000.0,APARTMENT
94.0,3095000.0,APARTMENT
65.0,3850000.0,APARTMENT
153.0,6995000.0,HOUSE
246.0,1495000.0,HOUSE
36.5,1295000.0,APARTMENT
76.5,3290000.0,APARTMENT
66.5,3495000.0,APARTMENT
59.0,2050000.0,APARTMENT
155.0,6995000.0,HOUSE
74.9,1995000.0,APARTMENT
41.0,3500000.0,APARTMENT
204.0,1475000.0,HOUSE
99.0,2695000.0,APARTMENT
137.0,4995000.0,ROW_HOUSE
156.0,1900000.0,HOUSE
21.0,1095000.0,APARTMENT
31.0,995000.0,APARTMENT
86.5,3395000.0,APARTMENT
78.0,1695000.0,APARTMENT
74.0,3795000.0,APARTMENT
79.0,1995000.0,APARTMENT
44.0,4750000.0,APARTMENT
132.0,3490000.0,ROW_HOUSE
76.0,4490000.0,APARTMENT
58.5,1895000.0,APARTMENT
116.0,3395000.0,HOUSE
35.0,2126500.0,HOUSE
75.0,1850000.0,APARTMENT
77.5,4095000.0,APARTMENT
129.0,4650000.0,HOUSE
98.0,1750000.0,APARTMENT
280.0,3495000.0,HOUSE
173.0,4800000.0,HOUSE
235.0,1995000.0,HOUSE
55.0,2095000.0,APARTMENT
118.0,2195000.0,APARTMENT
27.0,1150000.0,APARTMENT
35.0,3895000.0,APARTMENT
52.0,650000.0,APARTMENT
38.0,1350000.0,APARTMENT
54.8,1890000.0,APARTMENT
34.5,2195000.0,APARTMENT
68.0,2995000.0,HOUSE
47.0,1995000.0,APARTMENT
46.0,1450000.0,APARTMENT
77.0,1395000.0,APARTMENT
175.0,2850000.0,HOUSE
53.5,1195000.0,APARTMENT
81.0,4895000.0,APARTMENT
230.0,995000.0,HOUSE
45.0,2995000.0,APARTMENT
35.5,1360000.0,APARTMENT
164.0,3995000.0,HOUSE
58.0,960000.0,APARTMENT
65.0,2490000.0,APARTMENT
33.5,195000.0,APARTMENT
76.0,5095000.0,APARTMENT
36.0,325000.0,APARTMENT
63.0,3695000.0,APARTMENT
46.0,1595000.0,APARTMENT
63.0,2295000.0,APARTMENT
55.0,1250000.0,APARTMENT
37.0,1995000.0,APARTMENT
264.0,6595000.0,HOUSE
171.0,4050000.0,APARTMENT
21.0,1450000.0,APARTMENT
46.0,1050000.0,APARTMENT
182.0,1975000.0,HOUSE
53.0,3455000.0,APARTMENT
115.0,2495000.0,APARTMENT
124.0,2495000.0,HOUSE
59.5,630000.0,APARTMENT
70.0,5695000.0,APARTMENT
36.0,2495000.0,APARTMENT
100.0,1975000.0,HOUSE
109.0,4995000.0,APARTMENT
63.0,1895000.0,APARTMENT
49.0,1395000.0,APARTMENT
67.3,1550000.0,APARTMENT
63.5,1395000.0,APARTMENT
84.0,1445000.0,APARTMENT
201.0,2995000.0,HOUSE
228.0,2690000.0,HOUSE
44.0,2750000.0,APARTMENT
41.0,895000.0,APARTMENT
200.0,2900000.0,HOUSE
86.0,2995000.0,APARTMENT
231.0,2590000.0,HOUSE
76.0,3595000.0,APARTMENT
68.0,1995000.0,APARTMENT
53.0,3285000.0,APARTMENT
37.0,895000.0,APARTMENT
118.9,3550000.0,APARTMENT
61.5,1895000.0,APARTMENT
70.8,3980000.0,APARTMENT
91.5,595000.0,APARTMENT
81.0,2950000.0,APARTMENT
73.0,365000.0,APARTMENT
91.0,3600000.0,APARTMENT
77.0,2125000.0,HOUSE
103.0,3475000.0,HOUSE
74.0,3550000.0,APARTMENT
41.5,1495000.0,APARTMENT
54.0,1350000.0,APARTMENT
26.0,1350000.0,APARTMENT
56.6,950000.0,APARTMENT
198.0,2795000.0,HOUSE
26.0,1895000.0,APARTMENT
58.5,1595000.0,APARTMENT
33.5,1490000.0,APARTMENT
33.2,1995000.0,APARTMENT
30.0,3495000.0,APARTMENT
76.0,795000.0,APARTMENT
116.8,1995000.0,APARTMENT
52.0,3350000.0,APARTMENT
58.0,1895000.0,APARTMENT
62.5,1995000.0,APARTMENT
70.5,895000.0,APARTMENT
85.0,2395000.0,APARTMENT
51.0,2750000.0,APARTMENT
240.0,4200000.0,HOUSE
189.0,5950000.0,HOUSE
55.0,3395000.0,APARTMENT
65.5,2995000.0,APARTMENT
152.0,6795000.0,HOUSE
76.0,2795000.0,APARTMENT
44.0,350000.0,APARTMENT
152.0,1550000.0,ROW_HOUSE
60.0,1395000.0,APARTMENT
243.0,6900000.0,HOUSE
110.0,4495000.0,ROW_HOUSE
123.5,4395000.0,ROW_HOUSE
198.0,2700000.0,HOUSE
105.0,5295000.0,APARTMENT
40.0,2195000.0,APARTMENT
164.0,3495000.0,HOUSE
45.0,850000.0,APARTMENT
96.5,2095000.0,APARTMENT
143.0,6998000.0,APARTMENT
83.0,3595000.0,APARTMENT
18.0,1165000.0,APARTMENT
96.5,2395000.0,ROW_HOUSE
176.0,6000000.0,HOUSE
25.0,1495000.0,APARTMENT
31.4,900000.0,APARTMENT
160.0,4695000.0,HOUSE
69.0,2280000.0,APARTMENT
76.3,3995000.0,APARTMENT
107.0,3395000.0,ROW_HOUSE
63.5,1395000.0,APARTMENT
75.5,2295000.0,APARTMENT
68.0,1950000.0,APARTMENT
214.0,7500000.0,HOUSE
38.0,2095000.0,APARTMENT
76.9,1795000.0,APARTMENT
39.0,2995000.0,APARTMENT
79.0,2295000.0,HOUSE
40.0,1395000.0,APARTMENT
86.8,2995000.0,APARTMENT
45.0,4895000.0,APARTMENT
86.0,4795000.0,HOUSE
76.5,1495000.0,APARTMENT
102.0,2995000.0,ROW_HOUSE
104.0,2895000.0,HOUSE
42.0,4495000.0,APARTMENT
46.5,1690000.0,APARTMENT
45.0,3995000.0,APARTMENT
37.5,2195000.0,APARTMENT
60.0,850000.0,APARTMENT
128.0,5795000.0,HOUSE
97.5,7495000.0,APARTMENT
40.0,795000.0,APARTMENT
71.0,1425000.0,APARTMENT
207.0,5875000.0,HOUSE
127.0,3400000.0,HOUSE
175.0,3195000.0,HOUSE
68.0,2100000.0,APARTMENT
109.0,3795000.0,APARTMENT
57.5,1495000.0,APARTMENT
108.2,2195000.0,ROW_HOUSE
72.0,1375000.0,APARTMENT
84.5,2990000.0,APARTMENT
174.0,6990000.0,HOUSE
132.0,3195000.0,ROW_HOUSE
39.0,2495000.0,APARTMENT
42.0,1995000.0,APARTMENT
151.0,2495000.0,HOUSE
103.0,3495000.0,APARTMENT
55.0,1595000.0,APARTMENT
63.0,895000.0,APARTMENT
87.7,5195000.0,APARTMENT
56.0,1000000.0,APARTMENT
43.0,2795000.0,APARTMENT
58.0,1495000.0,APARTMENT
63.0,2595000.0,APARTMENT
73.0,995000.0,APARTMENT
65.0,2195000.0,APARTMENT
65.4,1295000.0,APARTMENT
136.0,4395000.0,HOUSE
57.0,1795000.0,APARTMENT
119.0,5195000.0,ROW_HOUSE
184.0,4750000.0,HOUSE
102.5,1095000.0,APARTMENT
74.0,4395000.0,APARTMENT
75.0,3195000.0,APARTMENT
128.0,2295000.0,HOUSE
154.0,3695000.0,APARTMENT
147.0,1590000.0,HOUSE
75.1,1175000.0,APARTMENT
80.0,3100000.0,ROW_HOUSE
71.0,3495000.0,APARTMENT
52.0,2395000.0,APARTMENT
48.0,4750000.0,APARTMENT
45.0,495000.0,APARTMENT
36.0,1295000.0,APARTMENT
73.0,1750000.0,APARTMENT
71.0,895000.0,APARTMENT
53.0,2675000.0,HOUSE
87.0,2995000.0,APARTMENT
96.0,3875000.0,APARTMENT
88.5,1395000.0,APARTMENT
34.0,3350000.0,APARTMENT
224.0,5900000.0,HOUSE
54.0,2975000.0,APARTMENT
54.5,1745000.0,APARTMENT
58.5,2195000.0,APARTMENT
81.0,4495000.0,APARTMENT
28.4,2895000.0,APARTMENT
220.0,5995000.0,HOUSE
100.0,9300000.0,APARTMENT
74.0,2695000.0,APARTMENT
76.0,1395000.0,APARTMENT
29.5,2350000.0,APARTMENT
34.0,2995000.0,APARTMENT
96.0,3945000.0,ROW_HOUSE
59.0,1895000.0,APARTMENT
53.5,1795000.0,APARTMENT
55.0,1050000.0,APARTMENT
240.0,6200000.0,HOUSE
97.0,4795000.0,APARTMENT
265.0,3695000.0,HOUSE
54.0,2695000.0,APARTMENT
86.0,3895000.0,APARTMENT
98.0,4250000.0,ROW_HOUSE
59.0,2495000.0,APARTMENT
59.5,1995000.0,APARTMENT
135.0,5995000.0,HOUSE
79.5,1150000.0,APARTMENT
162.0,2100000.0,HOUSE
62.0,1550000.0,APARTMENT
132.0,6495000.0,HOUSE
210.0,5850000.0,HOUSE
201.0,3995000.0,HOUSE
107.0,5650000.0,APARTMENT
48.0,1895000.0,APARTMENT
64.5,1395000.0,APARTMENT
53.5,1850000.0,APARTMENT
97.0,3495000.0,APARTMENT
75.0,3595000.0,APARTMENT
140.0,1850000.0,HOUSE
110.0,1625000.0,ROW_HOUSE
243.0,3475000.0,HOUSE
112.0,895000.0,HOUSE
98.0,4250000.0,APARTMENT
222.0,825000.0,HOUSE
148.0,1895000.0,HOUSE
53.0,1750000.0,APARTMENT
139.0,4595000.0,ROW_HOUSE
58.0,3495000.0,APARTMENT
52.0,1395000.0,APARTMENT
60.5,1550000.0,APARTMENT
93.0,1795000.0,APARTMENT
81.5,3695000.0,APARTMENT
54.0,1100000.0,APARTMENT
46.0,2195000.0,APARTMENT
52.0,2395000.0,APARTMENT
90.5,1495000.0,ROW_HOUSE
46.0,1650000.0,APARTMENT
77.0,3695000.0,APARTMENT
68.5,5295000.0,APARTMENT
55.0,1795000.0,APARTMENT
137.0,2695000.0,ROW_HOUSE
70.0,2195000.0,APARTMENT
39.0,1650000.0,APARTMENT
35.0,2995000.0,APARTMENT
80.0,3775000.0,ROW_HOUSE
31.8,1495000.0,APARTMENT
56.0,1795000.0,APARTMENT
198.0,3995000.0,HOUSE
99.0,1200000.0,APARTMENT
130.0,3995000.0,HOUSE
70.0,1695000.0,APARTMENT
105.0,2595000.0,ROW_HOUSE
59.0,580000.0,APARTMENT
39.0,2995000.0,APARTMENT
65.0,2495000.0,APARTMENT
190.0,1650000.0,HOUSE
81.0,2300000.0,APARTMENT
142.0,4000000.0,HOUSE
173.0,2600000.0,HOUSE
37.0,1695000.0,APARTMENT
90.0,6900000.0,APARTMENT
76.0,1995000.0,APARTMENT
85.5,1750000.0,APARTMENT
47.3,1895000.0,APARTMENT
80.0,1695000.0,APARTMENT
174.0,8695000.0,HOUSE
41.0,2095000.0,APARTMENT
72.0,1195000.0,APARTMENT
83.0,3000000.0,APARTMENT
249.0,7395000.0,HOUSE
109.0,1725000.0,ROW_HOUSE
49.0,525000.0,APARTMENT
45.0,1395000.0,APARTMENT
49.5,1350000.0,APARTMENT
76.8,2295000.0,APARTMENT
48.0,1495000.0,APARTMENT
56.0,2750000.0,APARTMENT
54.0,1695000.0,APARTMENT
43.1,850000.0,APARTMENT
56.5,950000.0,APARTMENT
110.0,3795000.0,ROW_HOUSE
73.0,3250000.0,APARTMENT
140.0,1675000.0,HOUSE
57.0,2790000.0,APARTMENT
55.5,1300000.0,APARTMENT
102.0,5400000.0,APARTMENT
63.0,1625000.0,APARTMENT
84.0,1850000.0,APARTMENT
60.0,1995000.0,APARTMENT
90.0,1750000.0,APARTMENT
137.5,7200000.0,ROW_HOUSE
105.0,3495000.0,APARTMENT
70.0,2195000.0,APARTMENT
143.0,2550000.0,HOUSE
44.0,2195000.0,APARTMENT
59.0,1595000.0,APARTMENT
51.5,1395000.0,APARTMENT
54.5,2575000.0,APARTMENT
20.5,675000.0,APARTMENT
200.0,1295000.0,HOUSE
33.0,1895000.0,APARTMENT
55.0,1095000.0,APARTMENT
27.0,1695000.0,APARTMENT
49.5,895000.0,APARTMENT
46.5,3295000.0,APARTMENT
126.9,5928510.0,HOUSE
82.0,8750000.0,APARTMENT
160.0,3995000.0,HOUSE
28.0,950000.0,HOUSE
79.0,3395000.0,APARTMENT
128.0,4995000.0,ROW_HOUSE
138.0,2795000.0,ROW_HOUSE
57.5,1400000.0,APARTMENT
89.0,1995000.0,APARTMENT
162.0,1350000.0,HOUSE
182.0,1650000.0,HOUSE
67.0,1075000.0,APARTMENT
78.0,4295000.0,APARTMENT
43.0,1950000.0,APARTMENT
55.0,1495000.0,APARTMENT
174.0,2995000.0,HOUSE
42.0,1995000.0,APARTMENT
71.5,3395000.0,APARTMENT
219.0,4195000.0,HOUSE
178.0,4190000.0,APARTMENT
53.0,2550000.0,APARTMENT
30.0,3995000.0,APARTMENT
119.0,2095000.0,APARTMENT
72.5,795000.0,APARTMENT
81.0,4295000.0,APARTMENT
15.0,2250000.0,APARTMENT
121.0,3100000.0,ROW_HOUSE
93.0,3195000.0,APARTMENT
42.5,250000.0,APARTMENT
49.5,2395000.0,APARTMENT
82.0,895000.0,APARTMENT
40.0,1195000.0,APARTMENT
72.0,1950000.0,APARTMENT
38.0,3995000.0,APARTMENT
33.0,895000.0,APARTMENT
66.5,2195000.0,APARTMENT
79.0,3495000.0,APARTMENT
97.4,3650000.0,APARTMENT
30.0,3295000.0,APARTMENT
75.0,3695000.0,APARTMENT
70.4,2495000.0,APARTMENT
58.5,1895000.0,APARTMENT
191.0,5350000.0,HOUSE
46.0,1495000.0,APARTMENT
189.0,2695000.0,HOUSE
51.5,1375000.0,APARTMENT
155.0,3295000.0,HOUSE
35.0,2795000.0,APARTMENT
76.0,3895000.0,APARTMENT
60.0,1345000.0,APARTMENT
83.0,2695000.0,APARTMENT
128.0,3250000.0,HOUSE
90.0,9990000.0,APARTMENT
196.0,9450000.0,ROW_HOUSE
60.0,795000.0,APARTMENT
33.0,960000.0,APARTMENT
90.0,1095000.0,HOUSE
38.0,895000.0,APARTMENT
71.0,2495000.0,APARTMENT
45.0,1945000.0,APARTMENT
54.0,1395000.0,APARTMENT
54.0,2250000.0,APARTMENT
94.5,1995000.0,APARTMENT
27.0,1495000.0,APARTMENT
42.0,2000000.0,APARTMENT
94.0,5200000.0,APARTMENT
59.0,2950000.0,APARTMENT
57.0,1750000.0,APARTMENT
43.0,2495000.0,APARTMENT
146.0,3590000.0,HOUSE
58.0,1850000.0,APARTMENT
61.0,2095000.0,APARTMENT
150.0,6495000.0,HOUSE
150.0,3495000.0,HOUSE
123.0,6990000.0,APARTMENT
130.0,5995000.0,HOUSE
66.0,3395000.0,APARTMENT
53.0,2595000.0,APARTMENT
46.0,1695000.0,APARTMENT
201.0,5995000.0,HOUSE
230.0,5995000.0,HOUSE
112.8,2895000.0,ROW_HOUSE
87.0,5650000.0,HOUSE
79.0,1595000.0,APARTMENT
35.2,1495000.0,APARTMENT
78.5,3050000.0,APARTMENT
54.5,1995000.0,APARTMENT
63.1,2195000.0,APARTMENT
73.0,1650000.0,APARTMENT
60.3,1245000.0,APARTMENT
63.0,1095000.0,APARTMENT
64.5,1395000.0,APARTMENT
35.0,2295000.0,APARTMENT
229.0,7595000.0,HOUSE
139.0,5800000.0,HOUSE
65.0,2850000.0,APARTMENT
119.0,7315000.0,HOUSE
215.0,9995000.0,HOUSE
88.0,7095000.0,APARTMENT
38.0,1750000.0,APARTMENT
28.0,1030000.0,APARTMENT
240.0,1895000.0,HOUSE
176.0,1995000.0,HOUSE
52.0,1395000.0,APARTMENT
110.0,5495000.0,APARTMENT
103.0,4795000.0,HOUSE
77.5,2100000.0,APARTMENT
61.0,1795000.0,APARTMENT
164.0,1995000.0,HOUSE
40.0,895000.0,APARTMENT
158.0,2395000.0,HOUSE
28.0,1850000.0,APARTMENT
60.0,1025000.0,APARTMENT
56.5,1295000.0,APARTMENT
57.5,1595000.0,APARTMENT
52.0,1195000.0,APARTMENT
63.0,2995000.0,APARTMENT
33.5,895000.0,APARTMENT
35.0,2295000.0,APARTMENT
96.0,6695000.0,APARTMENT
52.0,1350000.0,APARTMENT
213.0,3495000.0,HOUSE
81.5,695000.0,APARTMENT
103.0,6695000.0,APARTMENT
73.0,5150000.0,APARTMENT
52.0,4295000.0,HOUSE
88.5,695000.0,APARTMENT
44.5,795000.0,APARTMENT
80.0,1795000.0,APARTMENT
27.0,950000.0,APARTMENT
112.0,4995000.0,ROW_HOUSE
46.0,4195000.0,APARTMENT
61.0,3290000.0,APARTMENT
64.0,725000.0,APARTMENT
107.0,4795000.0,APARTMENT
66.9,2195000.0,APARTMENT
83.0,2850000.0,APARTMENT
46.0,1395000.0,APARTMENT
118.0,2450000.0,HOUSE
31.0,2495000.0,APARTMENT
230.0,4745000.0,HOUSE
88.0,1495000.0,ROW_HOUSE
170.0,3995000.0,HOUSE
100.0,2595000.0,APARTMENT
46.0,4250000.0,APARTMENT
43.5,1225000.0,APARTMENT
254.0,1795000.0,HOUSE
98.0,3995000.0,APARTMENT
36.0,750000.0,APARTMENT
179.0,1875000.0,HOUSE
61.0,2595000.0,APARTMENT
65.0,895000.0,APARTMENT
100.0,3595000.0,APARTMENT
80.0,1350000.0,APARTMENT
53.0,5750000.0,APARTMENT
80.5,895000.0,APARTMENT
47.0,1350000.0,APARTMENT
76.0,2495000.0,APARTMENT
54.0,2095000.0,APARTMENT
79.5,395000.0,APARTMENT
51.5,2895000.0,APARTMENT
49.0,1795000.0,APARTMENT
42.9,1595000.0,APARTMENT
43.0,1695000.0,APARTMENT
72.5,3595000.0,APARTMENT
79.0,2995000.0,APARTMENT
29.0,3295000.0,APARTMENT
39.5,1350000.0,APARTMENT
149.0,5950000.0,HOUSE
62.0,1850000.0,APARTMENT
47.5,795000.0,APARTMENT
54.0,1095000.0,APARTMENT
90.0,5295000.0,APARTMENT
53.5,300000.0,APARTMENT
68.0,1595000.0,HOUSE
69.0,7995000.0,APARTMENT
34.0,3325000.0,APARTMENT
67.0,2895000.0,APARTMENT
68.0,650000.0,APARTMENT
169.0,9500000.0,HOUSE
204.0,2595000.0,HOUSE
171.0,7295000.0,HOUSE
31.5,1135000.0,APARTMENT
70.0,2395000.0,APARTMENT
53.5,1595000.0,APARTMENT
73.0,2595000.0,APARTMENT
122.0,3775000.0,HOUSE
221.0,1250000.0,HOUSE
63.0,4495000.0,APARTMENT
59.0,3395000.0,APARTMENT
43.0,2695000.0,APARTMENT
62.0,2195000.0,APARTMENT
141.0,4995000.0,HOUSE
53.5,1675000.0,APARTMENT
187.0,5500000.0,HOUSE
89.0,725000.0,APARTMENT
62.0,1450000.0,APARTMENT
54.0,3295000.0,APARTMENT
54.0,5875000.0,APARTMENT
109.0,3595000.0,APARTMENT
79.0,1800000.0,APARTMENT
186.0,2595000.0,HOUSE
88.0,3195000.0,APARTMENT
120.0,3995000.0,HOUSE
245.0,1150000.0,HOUSE
61.1,2350000.0,APARTMENT
50.0,2395000.0,APARTMENT
111.0,3695000.0,APARTMENT
119.0,3500000.0,ROW_HOUSE
34.0,1995000.0,APARTMENT
128.0,5495000.0,ROW_HOUSE
48.0,2995000.0,APARTMENT
40.0,2550000.0,APARTMENT
21.0,2695000.0,APARTMENT
76.0,1995000.0,APARTMENT
68.0,2495000.0,APARTMENT
69.0,1895000.0,APARTMENT
55.0,1895000.0,APARTMENT
155.0,5495000.0,HOUSE
153.0,1610820.0,HOUSE
79.5,1495000.0,APARTMENT
165.0,5995000.0,ROW_HOUSE
44.5,1495000.0,APARTMENT
26.8,995000.0,APARTMENT
51.0,3840000.0,APARTMENT
125.0,5995000.0,HOUSE
72.0,2895000.0,APARTMENT
58.0,3695000.0,APARTMENT
31.0,1215000.0,APARTMENT
48.0,950000.0,APARTMENT
51.0,1495000.0,APARTMENT
78.5,1950000.0,APARTMENT
81.0,3695000.0,APARTMENT
82.0,1750000.0,APARTMENT
67.5,1795000.0,APARTMENT
84.0,1595000.0,APARTMENT
129.0,1950000.0,HOUSE
160.0,1795000.0,HOUSE
59.0,475000.0,APARTMENT
62.0,2400000.0,APARTMENT
34.0,1495000.0,APARTMENT
52.0,2195000.0,APARTMENT
188.0,3150000.0,HOUSE
89.0,1525000.0,APARTMENT
61.0,1650000.0,APARTMENT
72.0,2895000.0,APARTMENT
28.0,1895000.0,APARTMENT
86.5,2750000.0,APARTMENT
45.8,1895000.0,APARTMENT
76.0,4295000.0,APARTMENT
125.0,3500000.0,HOUSE
66.0,2295000.0,APARTMENT
51.6,2345000.0,APARTMENT
155.0,5495000.0,HOUSE
62.0,1995000.0,APARTMENT
88.0,3195000.0,APARTMENT
126.0,4995000.0,ROW_HOUSE
89.1,2575000.0,ROW_HOUSE
107.0,2995000.0,ROW_HOUSE
43.0,4395000.0,APARTMENT
40.0,2995000.0,APARTMENT
64.0,4095000.0,APARTMENT
73.0,7950000.0,APARTMENT
69.3,1695000.0,APARTMENT
66.2,2495000.0,APARTMENT
104.0,4295000.0,ROW_HOUSE
90.5,1250000.0,APARTMENT
55.0,1650000.0,APARTMENT
62.5,1295000.0,APARTMENT
82.0,2850000.0,APARTMENT
42.0,4695000.0,APARTMENT
148.8,3395000.0,HOUSE
201.0,1850000.0,HOUSE
113.0,6995000.0,APARTMENT
15.0,995000.0,APARTMENT
93.0,4975000.0,APARTMENT
137.0,4095000.0,HOUSE
148.0,3595000.0,HOUSE
116.0,4195000.0,ROW_HOUSE
170.0,5795000.0,HOUSE
51.0,1695000.0,APARTMENT
81.5,2295000.0,APARTMENT
81.5,1800000.0,APARTMENT
60.3,320000.0,APARTMENT
31.0,1450000.0,APARTMENT
62.0,1895000.0,APARTMENT
198.0,4695000.0,ROW_HOUSE
38.0,250000.0,APARTMENT
90.5,1195000.0,APARTMENT
27.0,1895000.0,APARTMENT
117.0,1400000.0,ROW_HOUSE
43.0,895000.0,APARTMENT
32.0,1075000.0,APARTMENT
47.0,1495000.0,APARTMENT
53.0,1445000.0,APARTMENT
91.1,2990000.0,APARTMENT
154.0,1995000.0,HOUSE
97.5,9195000.0,APARTMENT
69.0,875000.0,APARTMENT
90.0,8995000.0,APARTMENT
379.0,6295000.0,HOUSE
71.5,575000.0,APARTMENT
180.0,5595000.0,HOUSE
59.4,1145000.0,APARTMENT
234.0,2495000.0,HOUSE
146.0,1300000.0,HOUSE
150.7,4395000.0,HOUSE
162.0,5250000.0,HOUSE
115.0,1895000.0,HOUSE
188.0,9750000.0,APARTMENT
65.5,775000.0,APARTMENT
31.0,2295000.0,APARTMENT
174.0,4290000.0,HOUSE
202.0,695000.0,HOUSE
119.0,5995000.0,ROW_HOUSE
49.5,1450000.0,APARTMENT
92.0,3695000.0,ROW_HOUSE
90.0,5695000.0,APARTMENT
171.0,3395000.0,HOUSE
68.0,895000.0,APARTMENT
105.0,1095000.0,APARTMENT
34.0,995000.0,APARTMENT
70.0,5895000.0,APARTMENT
153.0,4895000.0,HOUSE
198.0,6950000.0,HOUSE
263.0,3995000.0,HOUSE
123.0,3595000.0,HOUSE
92.0,1995000.0,APARTMENT
75.0,1995000.0,APARTMENT
60.0,2695000.0,APARTMENT
84.0,2195000.0,APARTMENT
99.0,2850000.0,APARTMENT
37.5,750000.0,APARTMENT
75.0,3150000.0,APARTMENT
54.5,1745000.0,APARTMENT
24.0,1695000.0,APARTMENT
75.2,4250000.0,APARTMENT
97.7,1595000.0,APARTMENT
60.0,395000.0,APARTMENT
33.0,1995000.0,APARTMENT
115.0,6450000.0,ROW_HOUSE
46.5,2395000.0,APARTMENT
59.0,2395000.0,APARTMENT
114.5,2395000.0,APARTMENT
30.0,1595000.0,APARTMENT
66.5,1395000.0,APARTMENT
36.0,1250000.0,APARTMENT
73.0,1175000.0,APARTMENT
39.5,2695000.0,APARTMENT
94.0,2395000.0,APARTMENT
59.5,1495000.0,APARTMENT
75.0,4250000.0,APARTMENT
114.0,3995000.0,HOUSE
78.0,5695000.0,APARTMENT
25.0,1250000.0,APARTMENT
66.0,2195000.0,APARTMENT
53.0,1695000.0,APARTMENT
107.0,1490000.0,HOUSE
75.0,5350000.0,APARTMENT
188.0,1595000.0,HOUSE
48.0,995000.0,APARTMENT
160.0,9800000.0,HOUSE
81.0,2095000.0,APARTMENT
65.4,2395000.0,APARTMENT
36.0,1795000.0,APARTMENT
53.5,1995000.0,APARTMENT
129.0,5900000.0,ROW_HOUSE
44.4,850000.0,APARTMENT
107.0,3700000.0,ROW_HOUSE
94.0,1745000.0,APARTMENT
75.0,3095000.0,ROW_HOUSE
91.5,2650000.0,APARTMENT
66.5,5100000.0,APARTMENT
34.5,295000.0,APARTMENT
48.0,4495000.0,APARTMENT
125.0,4550000.0,HOUSE
98.0,2295000.0,APARTMENT
36.5,1450000.0,APARTMENT
84.0,8195000.0,APARTMENT
99.0,3495000.0,ROW_HOUSE
165.0,7350000.0,HOUSE
233.0,6500000.0,HOUSE
37.0,2150000.0,APARTMENT
82.0,1995000.0,APARTMENT
83.5,2250000.0,ROW_HOUSE
53.4,995000.0,APARTMENT
48.5,785000.0,APARTMENT
223.0,1300000.0,HOUSE
40.0,2095000.0,APARTMENT
216.0,1595000.0,HOUSE
300.0,2695000.0,HOUSE
54.0,2195000.0,APARTMENT
34.4,2050000.0,APARTMENT
45.0,1095000.0,APARTMENT
50.0,1695000.0,APARTMENT
140.0,1750000.0,HOUSE
56.0,1150000.0,APARTMENT
18.0,975000.0,APARTMENT
76.5,5995000.0,APARTMENT
122.0,3150000.0,ROW_HOUSE
53.5,1550000.0,APARTMENT
75.5,795000.0,ROW_HOUSE
38.0,1095000.0,APARTMENT
51.0,1695000.0,APARTMENT
66.0,2295000.0,APARTMENT
29.0,1650000.0,APARTMENT
67.0,1650000.0,APARTMENT
23.0,2395000.0,APARTMENT
70.5,2395000.0,APARTMENT
192.0,6500000.0,HOUSE
238.0,2995000.0,HOUSE
88.0,3895000.0,APARTMENT
115.0,3495000.0,ROW_HOUSE
42.0,565000.0,APARTMENT
169.0,6295000.0,HOUSE
47.0,2350000.0,APARTMENT
46.0,1895000.0,APARTMENT
176.0,1495000.0,HOUSE
56.5,995000.0,APARTMENT
222.0,5250000.0,HOUSE
112.0,4895000.0,APARTMENT
83.0,3195000.0,APARTMENT
172.5,8995000.0,ROW_HOUSE
65.5,1595000.0,APARTMENT
60.7,1495000.0,APARTMENT
153.0,3595000.0,HOUSE
45.6,1400000.0,APARTMENT
125.0,7395000.0,HOUSE
94.0,2295000.0,APARTMENT
46.9,1995000.0,APARTMENT
107.0,4995000.0,APARTMENT
194.0,550000.0,HOUSE
96.5,3195000.0,APARTMENT
40.0,2595000.0,APARTMENT
108.0,2995000.0,APARTMENT
47.0,2190000.0,APARTMENT
34.0,2495000.0,APARTMENT
48.0,2595000.0,APARTMENT
122.0,3995000.0,HOUSE
112.0,2695000.0,ROW_HOUSE
76.0,3200000.0,APARTMENT
95.0,4250000.0,APARTMENT
62.0,1995000.0,APARTMENT
62.0,1995000.0,APARTMENT
67.0,2195000.0,APARTMENT
37.0,2995000.0,APARTMENT
21.5,2095000.0,APARTMENT
94.0,5095000.0,APARTMENT
82.0,1150000.0,APARTMENT
180.0,3995000.0,HOUSE
24.0,2965000.0,APARTMENT
75.0,1595000.0,APARTMENT
61.1,2095000.0,APARTMENT
64.0,1695000.0,APARTMENT
110.0,3950000.0,ROW_HOUSE
68.0,3375000.0,APARTMENT
118.0,2875000.0,ROW_HOUSE
282.0,1695000.0,HOUSE
66.0,2595000.0,APARTMENT
89.0,1395000.0,APARTMENT
60.8,1945000.0,APARTMENT
69.0,2145000.0,APARTMENT
31.0,1100000.0,APARTMENT
194.0,1795000.0,HOUSE
124.5,5795000.0,APARTMENT
36.0,3295000.0,APARTMENT
70.0,850000.0,APARTMENT
134.0,4695000.0,HOUSE
79.0,1995000.0,APARTMENT
44.0,2695000.0,APARTMENT
65.9,2450000.0,APARTMENT
120.0,2595000.0,APARTMENT
117.0,5500000.0,APARTMENT
67.0,2895000.0,APARTMENT
111.0,5250000.0,APARTMENT
229.0,1295000.0,HOUSE
41.5,550000.0,APARTMENT
53.5,1980000.0,APARTMENT
164.0,4500000.0,HOUSE
66.5,3695000.0,APARTMENT
87.5,2350000.0,APARTMENT
59.0,4495000.0,APARTMENT
57.0,4895000.0,APARTMENT
121.0,1795000.0,HOUSE
184.0,9295000.0,HOUSE
34.0,650000.0,APARTMENT
61.0,3195000.0,APARTMENT
97.0,3975000.0,APARTMENT
80.0,2750000.0,APARTMENT
42.0,1795000.0,APARTMENT
245.0,4295000.0,HOUSE
167.0,8500000.0,HOUSE
69.6,1540000.0,APARTMENT
184.0,1400000.0,HOUSE
71.0,1595000.0,APARTMENT
84.0,1849000.0,APARTMENT
101.0,6295000.0,HOUSE
83.0,795000.0,HOUSE
150.5,8700000.0,HOUSE
56.0,450000.0,APARTMENT
117.0,8495000.0,APARTMENT
70.0,2895000.0,APARTMENT
33.0,1495000.0,APARTMENT
127.0,3750000.0,ROW_HOUSE
112.0,3250000.0,HOUSE
108.0,2295000.0,APARTMENT
48.0,1725000.0,APARTMENT
41.6,2090000.0,APARTMENT
55.5,2295000.0,APARTMENT
69.0,2450000.0,APARTMENT
99.0,2095000.0,APARTMENT
62.0,1695000.0,APARTMENT
163.4,4450000.0,APARTMENT
44.0,125000.0,APARTMENT
154.0,3400000.0,HOUSE
35.0,2295000.0,APARTMENT
46.0,2995000.0,APARTMENT
25.0,1250000.0,APARTMENT
58.5,1450000.0,APARTMENT
280.0,3995000.0,HOUSE
79.0,1000000.0,APARTMENT
70.5,1690000.0,APARTMENT
122.0,390000.0,HOUSE
73.0,3195000.0,APARTMENT
34.0,2395000.0,APARTMENT
285.0,2995000.0,HOUSE
66.0,1495000.0,APARTMENT
210.0,7250000.0,HOUSE
134.0,3900000.0,HOUSE
164.0,3995000.0,HOUSE
162.0,3495000.0,HOUSE
55.5,4695000.0,APARTMENT
131.0,2750000.0,HOUSE
57.0,5850000.0,APARTMENT
58.5,1295000.0,APARTMENT
228.0,3100000.0,HOUSE
110.0,2995000.0,APARTMENT
137.0,3195000.0,APARTMENT
36.0,745000.0,APARTMENT
70.0,4695000.0,APARTMENT
75.0,1850000.0,APARTMENT
58.5,2350000.0,APARTMENT
238.0,6995000.0,HOUSE
62.0,3700000.0,APARTMENT
94.0,1475000.0,APARTMENT
42.5,4350000.0,APARTMENT
32.3,980000.0,APARTMENT
57.0,1095000.0,APARTMENT
38.5,695000.0,APARTMENT
276.0,2350000.0,HOUSE
75.0,2995000.0,HOUSE
56.0,1350000.0,APARTMENT
110.0,3875000.0,APARTMENT
58.0,1795000.0,APARTMENT
195.0,3500000.0,HOUSE
39.0,695000.0,APARTMENT
45.0,3195000.0,APARTMENT
179.0,2100000.0,HOUSE
36.5,600000.0,APARTMENT
83.0,1895000.0,ROW_HOUSE
77.0,2995000.0,APARTMENT
192.0,2850000.0,HOUSE
26.0,450000.0,APARTMENT
29.0,1195000.0,APARTMENT
76.0,1795000.0,APARTMENT
74.9,995000.0,APARTMENT
252.0,995000.0,HOUSE
170.0,7000000.0,HOUSE
92.5,5295000.0,APARTMENT
98.0,5950000.0,APARTMENT
49.0,2295000.0,APARTMENT
175.0,1695000.0,HOUSE
109.0,6400000.0,APARTMENT
41.0,2750000.0,APARTMENT
146.0,4995000.0,HOUSE
103.0,2595000.0,APARTMENT
170.0,1395000.0,HOUSE
73.0,1895000.0,APARTMENT
35.0,1195000.0,APARTMENT
80.5,1699000.0,APARTMENT
51.0,1890000.0,APARTMENT
372.0,5250000.0,HOUSE
52.0,1935000.0,APARTMENT
117.0,3300000.0,HOUSE
52.0,2995000.0,APARTMENT
55.0,2295000.0,APARTMENT
92.0,3495000.0,ROW_HOUSE
85.0,4195000.0,APARTMENT
200.0,4500000.0,HOUSE
54.5,1350000.0,APARTMENT
39.5,1250000.0,APARTMENT
244.0,3700000.0,HOUSE
66.0,4140000.0,APARTMENT
148.0,3795000.0,HOUSE
38.0,995000.0,APARTMENT
159.0,1370000.0,APARTMENT
25.8,595000.0,APARTMENT
78.5,4310000.0,APARTMENT
40.0,3095000.0,APARTMENT
135.0,2995000.0,HOUSE
168.0,2900000.0,HOUSE
55.0,1750000.0,APARTMENT
74.5,795000.0,APARTMENT
205.0,5895000.0,HOUSE
87.8,2095000.0,APARTMENT
18.4,1995000.0,APARTMENT
103.0,6995000.0,HOUSE
268.0,7350000.0,HOUSE
103.0,6100000.0,HOUSE
155.0,2250000.0,HOUSE
102.5,2395000.0,APARTMENT
80.0,3600000.0,HOUSE
183.0,4300000.0,ROW_HOUSE
54.8,295000.0,APARTMENT
166.0,9490000.0,HOUSE
47.5,1550000.0,APARTMENT
33.0,1395000.0,APARTMENT
56.7,3850000.0,APARTMENT
36.5,695000.0,APARTMENT
165.0,1425000.0,HOUSE
83.0,1295000.0,APARTMENT
54.0,4445000.0,APARTMENT
103.5,2995000.0,ROW_HOUSE
121.0,3250000.0,HOUSE
59.5,175000.0,APARTMENT
77.1,2445000.0,APARTMENT
26.0,2495000.0,APARTMENT
52.0,2495000.0,APARTMENT
143.0,3695000.0,HOUSE
26.5,1295000.0,APARTMENT
26.0,1595000.0,APARTMENT
128.0,3200000.0,ROW_HOUSE
300.0,4100000.0,HOUSE
75.4,1550000.0,APARTMENT
70.0,3195000.0,APARTMENT
130.0,3875000.0,HOUSE
172.0,450000.0,HOUSE
57.0,1050000.0,APARTMENT
66.5,1550000.0,APARTMENT
44.0,2350000.0,APARTMENT
48.5,1395000.0,APARTMENT
82.1,2395000.0,APARTMENT
363.0,7495000.0,HOUSE
131.0,3595000.0,APARTMENT
151.0,3295000.0,HOUSE
64.0,995000.0,APARTMENT
47.0,1945000.0,APARTMENT
65.0,3400000.0,APARTMENT
155.0,5300000.0,HOUSE
95.0,2295000.0,HOUSE
99.0,2395000.0,ROW_HOUSE
94.0,2295000.0,APARTMENT
192.0,7400000.0,HOUSE
112.5,3250000.0,HOUSE
40.0,1775000.0,APARTMENT
72.0,2450000.0,APARTMENT
82.5,395000.0,APARTMENT
120.5,1695000.0,ROW_HOUSE
200.0,3675000.0,HOUSE
178.0,2275000.0,HOUSE
71.0,2295000.0,APARTMENT
49.5,1050000.0,APARTMENT
69.5,1995000.0,APARTMENT
61.8,2125000.0,APARTMENT
38.0,425000.0,APARTMENT
37.0,1495000.0,APARTMENT
122.0,4250000.0,HOUSE
49.5,2695000.0,APARTMENT
227.0,5800000.0,HOUSE
42.3,2575000.0,APARTMENT
41.0,1095000.0,APARTMENT
200.0,4995000.0,HOUSE
65.6,695000.0,APARTMENT
160.0,4695000.0,HOUSE
223.0,2250000.0,HOUSE
102.0,2250000.0,HOUSE
126.0,6495000.0,ROW_HOUSE
142.0,2195000.0,HOUSE
76.0,875000.0,ROW_HOUSE
110.0,2550000.0,APARTMENT
34.8,1200000.0,APARTMENT
47.0,1495000.0,APARTMENT
109.0,730000.0,ROW_HOUSE
46.5,1895000.0,APARTMENT
53.0,1695000.0,APARTMENT
258.0,3990000.0,HOUSE
35.0,1795000.0,APARTMENT
54.0,1550000.0,APARTMENT
71.0,1795000.0,APARTMENT
60.0,2895000.0,APARTMENT
102.5,1695000.0,APARTMENT
53.5,1895000.0,APARTMENT
117.0,4350000.0,ROW_HOUSE
206.0,1995000.0,HOUSE
123.0,4525000.0,ROW_HOUSE
68.0,1695000.0,HOUSE
35.0,1195000.0,APARTMENT
83.5,3195000.0,APARTMENT
30.0,2990000.0,APARTMENT
56.0,1995000.0,APARTMENT
64.0,2650000.0,APARTMENT
253.0,5950000.0,HOUSE
60.0,1945000.0,APARTMENT
146.0,5550000.0,HOUSE
154.0,9500000.0,HOUSE
139.0,695000.0,HOUSE
42.0,565000.0,APARTMENT
77.0,3490000.0,APARTMENT
53.0,1750000.0,APARTMENT
90.0,2995000.0,APARTMENT
46.0,1495000.0,APARTMENT
73.0,3675000.0,APARTMENT
208.0,5295000.0,HOUSE
69.3,2295000.0,APARTMENT
60.0,2100000.0,HOUSE
68.0,4750000.0,APARTMENT
50.0,2495000.0,APARTMENT
50.0,3390000.0,APARTMENT
86.0,2250000.0,APARTMENT
73.0,2295000.0,APARTMENT
89.0,3198000.0,APARTMENT
41.0,1450000.0,APARTMENT
61.0,4350000.0,APARTMENT
38.0,200000.0,APARTMENT
54.0,2250000.0,APARTMENT
48.0,2495000.0,APARTMENT
83.5,1995000.0,APARTMENT
180.0,890000.0,APARTMENT
77.0,2195000.0,APARTMENT
190.0,5995000.0,HOUSE
153.0,975000.0,APARTMENT
103.0,2495000.0,APARTMENT
195.0,3295000.0,HOUSE
46.0,1650000.0,APARTMENT
102.0,3695000.0,APARTMENT
71.0,2350000.0,APARTMENT
79.5,1445000.0,APARTMENT
68.0,2995000.0,APARTMENT
155.0,2995000.0,HOUSE
54.8,2690000.0,APARTMENT
97.0,4850000.0,HOUSE
52.0,3995000.0,APARTMENT
43.0,650000.0,APARTMENT
73.5,1475000.0,APARTMENT
68.0,1095000.0,APARTMENT
78.0,4495000.0,APARTMENT
37.0,1395000.0,APARTMENT
59.0,1595000.0,APARTMENT
81.0,1595000.0,APARTMENT
181.0,5495000.0,HOUSE
176.0,4975000.0,HOUSE
44.0,1995000.0,APARTMENT
82.0,1195000.0,APARTMENT
161.0,2995000.0,ROW_HOUSE
198.0,495000.0,HOUSE
169.0,2295000.0,HOUSE
78.0,2300000.0,APARTMENT
35.0,1995000.0,APARTMENT
200.0,5500000.0,HOUSE
69.7,1695000.0,APARTMENT
54.0,2350000.0,APARTMENT
81.0,4750000.0,APARTMENT
195.0,2250000.0,HOUSE
44.5,1690000.0,APARTMENT
53.0,2095000.0,APARTMENT
69.0,1895000.0,APARTMENT
74.0,1750000.0,APARTMENT
68.5,1950000.0,APARTMENT
249.0,2200000.0,HOUSE
76.6,1395000.0,APARTMENT
159.0,3100000.0,HOUSE
84.0,1795000.0,APARTMENT
270.0,4795000.0,HOUSE
116.0,3295000.0,ROW_HOUSE
59.5,1895000.0,APARTMENT
60.0,2600000.0,APARTMENT
242.0,9975000.0,HOUSE
58.0,2075000.0,APARTMENT
120.0,2200000.0,HOUSE
220.0,3750000.0,HOUSE
78.5,1895000.0,APARTMENT
40.0,695000.0,APARTMENT
125.0,775000.0,HOUSE
109.0,4195000.0,APARTMENT
36.0,695000.0,APARTMENT
56.0,975000.0,APARTMENT
290.0,5495000.0,HOUSE
47.0,1295000.0,APARTMENT
59.0,575000.0,APARTMENT
184.0,2995000.0,ROW_HOUSE
85.9,1795000.0,APARTMENT
98.2,2795000.0,APARTMENT
106.0,5975000.0,APARTMENT
77.0,1895000.0,APARTMENT
136.0,3995000.0,ROW_HOUSE
96.0,1095000.0,HOUSE
195.0,2475000.0,HOUSE
170.0,5350000.0,HOUSE
160.0,2275000.0,ROW_HOUSE
204.0,1250000.0,HOUSE
99.0,5814000.0,APARTMENT
53.0,4995000.0,APARTMENT
61.5,2095000.0,APARTMENT
78.5,2195000.0,APARTMENT
41.5,1695000.0,APARTMENT
67.0,3995000.0,APARTMENT
167.0,2495000.0,HOUSE
60.0,2650000.0,APARTMENT
91.0,3495000.0,APARTMENT
71.5,3895000.0,APARTMENT
35.5,1395000.0,APARTMENT
54.5,495000.0,APARTMENT
51.0,2395000.0,APARTMENT
56.5,1095000.0,APARTMENT
61.5,850000.0,APARTMENT
65.0,1495000.0,HOUSE
81.0,2995000.0,APARTMENT
86.0,2595000.0,ROW_HOUSE
80.0,2495000.0,APARTMENT
64.0,4195000.0,HOUSE
305.0,3500000.0,HOUSE
101.0,6350000.0,APARTMENT
222.0,8750000.0,HOUSE
118.0,125000.0,APARTMENT
104.0,8295000.0,APARTMENT
40.0,2395000.0,APARTMENT
180.0,7200000.0,HOUSE
55.0,2290000.0,APARTMENT
82.0,6250000.0,APARTMENT
78.5,1795000.0,APARTMENT
133.0,4000000.0,HOUSE
236.0,6995000.0,HOUSE
187.0,7495000.0,HOUSE
93.8,4195000.0,APARTMENT
184.0,5300000.0,HOUSE
164.0,1795000.0,HOUSE
105.0,6595000.0,APARTMENT
131.0,795000.0,HOUSE
70.7,2295000.0,APARTMENT
82.5,2595000.0,ROW_HOUSE
182.0,5695000.0,HOUSE
161.0,3995000.0,HOUSE
292.0,7095000.0,HOUSE
55.0,2295000.0,APARTMENT
65.5,1950000.0,APARTMENT
47.5,2750000.0,APARTMENT
140.0,2850000.0,APARTMENT
62.7,2695000.0,APARTMENT
32.0,1850000.0,APARTMENT
52.0,1295000.0,APARTMENT
74.0,8795000.0,APARTMENT
90.0,2695000.0,HOUSE
143.0,4990000.0,APARTMENT
66.5,1695000.0,APARTMENT
96.0,1695000.0,APARTMENT
98.5,1100000.0,APARTMENT
202.0,2950000.0,ROW_HOUSE
52.0,2795000.0,APARTMENT
114.7,5095000.0,APARTMENT
51.0,1745000.0,APARTMENT
44.0,4175000.0,APARTMENT
67.0,2275000.0,APARTMENT
72.0,1595000.0,APARTMENT
63.0,1395000.0,APARTMENT
72.0,2195000.0,APARTMENT
166.0,6750000.0,HOUSE
86.0,6500000.0,APARTMENT
161.8,2490000.0,APARTMENT
77.5,6495000.0,APARTMENT
166.0,795000.0,HOUSE
52.2,2195000.0,APARTMENT
44.5,1895000.0,APARTMENT
95.0,2595000.0,HOUSE
161.0,1795000.0,APARTMENT
115.0,2450000.0,APARTMENT
170.0,3495000.0,HOUSE
74.3,1685000.0,APARTMENT
55.0,2195000.0,APARTMENT
154.0,5595000.0,HOUSE
32.0,2195000.0,APARTMENT
204.0,2895000.0,ROW_HOUSE
24.0,1575000.0,APARTMENT
74.5,1045000.0,APARTMENT
58.0,2395000.0,APARTMENT
199.0,4650000.0,HOUSE
79.5,1650000.0,APARTMENT
70.0,2250000.0,APARTMENT
55.0,1495000.0,APARTMENT
55.0,2695000.0,APARTMENT
166.0,7750000.0,HOUSE
124.5,995000.0,APARTMENT
74.3,2095000.0,APARTMENT
135.0,795000.0,HOUSE
42.0,1950000.0,APARTMENT
81.0,2495000.0,APARTMENT
49.0,2195000.0,APARTMENT
305.0,6995000.0,HOUSE
42.5,350000.0,APARTMENT
113.0,4150000.0,ROW_HOUSE
83.0,1495000.0,APARTMENT
182.0,5995000.0,HOUSE
73.0,2100000.0,APARTMENT
90.0,3500000.0,HOUSE
213.0,5495000.0,ROW_HOUSE
63.0,1195000.0,APARTMENT
100.0,3995000.0,APARTMENT
56.0,2395000.0,APARTMENT
176.0,5700000.0,HOUSE
115.0,895000.0,HOUSE
23.0,1695000.0,APARTMENT
69.0,990000.0,HOUSE
80.0,3895000.0,APARTMENT
116.0,2285000.0,HOUSE
79.0,695000.0,APARTMENT
110.0,3345000.0,ROW_HOUSE
88.0,2295000.0,APARTMENT
92.4,1975000.0,APARTMENT
129.0,3995000.0,HOUSE
99.0,1995000.0,APARTMENT
42.0,1495000.0,APARTMENT
41.0,495000.0,APARTMENT
79.0,2550000.0,APARTMENT
31.0,795000.0,APARTMENT
180.0,9250000.0,HOUSE
65.0,2095000.0,APARTMENT
272.0,1395000.0,HOUSE
66.0,3575000.0,APARTMENT
43.6,2495000.0,APARTMENT
76.8,2695000.0,APARTMENT
45.0,1595000.0,APARTMENT
52.0,1575000.0,APARTMENT
33.7,440000.0,APARTMENT
89.0,3495000.0,APARTMENT
16.5,495000.0,APARTMENT
195.0,5490000.0,HOUSE
69.0,1495000.0,APARTMENT
93.5,750000.0,APARTMENT
53.0,1485000.0,APARTMENT
72.0,950000.0,APARTMENT
140.0,3190000.0,APARTMENT
37.5,1795000.0,APARTMENT
83.5,1595000.0,APARTMENT
152.0,2295000.0,HOUSE
99.0,2695000.0,HOUSE
96.5,2495000.0,APARTMENT
70.0,2995000.0,APARTMENT
132.0,1895000.0,HOUSE
172.0,1000000.0,HOUSE
84.5,1400000.0,APARTMENT
160.0,3195000.0,HOUSE
178.0,695000.0,HOUSE
309.0,6975000.0,HOUSE
76.0,2695000.0,APARTMENT
67.0,2450000.0,APARTMENT
171.0,2795000.0,ROW_HOUSE
51.0,2550000.0,APARTMENT
67.0,1950000.0,APARTMENT
160.0,2690000.0,HOUSE
37.2,995000.0,APARTMENT
69.3,1695000.0,APARTMENT
80.0,950000.0,APARTMENT
35.0,2995000.0,APARTMENT
51.5,3495000.0,APARTMENT
72.0,2500000.0,APARTMENT
50.0,1195000.0,APARTMENT
75.0,2550000.0,APARTMENT
104.0,2350000.0,APARTMENT
65.0,2995000.0,APARTMENT
205.0,4195000.0,HOUSE
58.0,3695000.0,APARTMENT
58.8,1995000.0,APARTMENT
65.0,2495000.0,APARTMENT
23.0,1750000.0,APARTMENT
67.0,2295000.0,APARTMENT
40.5,2850000.0,APARTMENT
66.0,1395000.0,APARTMENT
39.0,1875000.0,APARTMENT
39.0,1495000.0,APARTMENT
114.0,4795000.0,APARTMENT
68.0,795000.0,APARTMENT
64.0,1195000.0,APARTMENT
138.0,4695000.0,ROW_HOUSE
46.0,2595000.0,APARTMENT
158.0,1995000.0,HOUSE
126.0,2995000.0,APARTMENT
66.0,1050000.0,APARTMENT
73.0,2595000.0,APARTMENT
95.0,8500000.0,APARTMENT
134.0,7995000.0,ROW_HOUSE
65.5,1895000.0,APARTMENT
55.0,1195000.0,APARTMENT
138.0,3895000.0,ROW_HOUSE
40.0,1450000.0,APARTMENT
61.0,675000.0,APARTMENT
47.0,1650000.0,APARTMENT
182.0,1695000.0,HOUSE
57.0,2195000.0,APARTMENT
29.0,2750000.0,APARTMENT
51.5,1095000.0,APARTMENT
75.5,4250000.0,APARTMENT
81.0,1695000.0,APARTMENT
48.0,1850000.0,APARTMENT
81.0,2295000.0,APARTMENT
78.0,4495000.0,APARTMENT
49.0,3295000.0,APARTMENT
70.5,995000.0,ROW_HOUSE
148.0,4395000.0,ROW_HOUSE
56.0,2250000.0,APARTMENT
118.0,750000.0,HOUSE
63.5,2495000.0,APARTMENT
174.0,2995000.0,ROW_HOUSE
51.0,2275000.0,APARTMENT
73.0,1295000.0,APARTMENT
51.5,495000.0,APARTMENT
43.0,2250000.0,APARTMENT
106.0,675000.0,HOUSE
34.0,1495000.0,APARTMENT
104.0,2490000.0,APARTMENT
64.0,3890000.0,APARTMENT
132.0,3095000.0,ROW_HOUSE
123.0,2795000.0,HOUSE
55.5,345000.0,APARTMENT
55.0,2495000.0,APARTMENT
34.5,1995000.0,APARTMENT
240.0,2300000.0,HOUSE
244.0,995000.0,HOUSE
99.5,3195000.0,APARTMENT
230.0,440000.0,HOUSE
160.0,7995000.0,HOUSE
79.0,1500000.0,APARTMENT
81.6,3395000.0,APARTMENT
25.9,895000.0,APARTMENT
33.0,2950000.0,APARTMENT
70.5,1650000.0,APARTMENT
56.0,795000.0,APARTMENT
102.0,3695000.0,APARTMENT
39.5,2200000.0,APARTMENT
300.0,7995000.0,HOUSE
46.0,1045000.0,APARTMENT
56.0,1695000.0,APARTMENT
51.0,550000.0,APARTMENT
177.0,3595000.0,HOUSE
40.5,675000.0,APARTMENT
39.0,1550000.0,APARTMENT
76.5,1950000.0,APARTMENT
175.0,5145000.0,HOUSE
133.0,2695000.0,ROW_HOUSE
167.0,5995000.0,HOUSE
122.0,2595000.0,HOUSE
85.0,3490000.0,HOUSE
94.0,4995000.0,APARTMENT
39.3,995000.0,APARTMENT
52.0,775000.0,APARTMENT
80.0,895000.0,APARTMENT
94.0,1495000.0,APARTMENT
166.0,6900000.0,HOUSE
53.0,1195000.0,APARTMENT
96.0,4195000.0,ROW_HOUSE
118.0,2795000.0,ROW_HOUSE
150.0,9495000.0,HOUSE
110.0,6295000.0,APARTMENT
49.7,3750000.0,APARTMENT
132.0,4450000.0,HOUSE
52.0,795000.0,APARTMENT
38.0,1350000.0,APARTMENT
180.0,2795000.0,HOUSE
135.0,1800000.0,HOUSE
89.5,2895000.0,APARTMENT
54.0,2395000.0,APARTMENT
80.8,1395000.0,APARTMENT
219.0,3695000.0,HOUSE
120.0,3900000.0,APARTMENT
81.0,2395000.0,APARTMENT
34.5,2795000.0,APARTMENT
147.0,6450000.0,HOUSE
82.0,2495000.0,APARTMENT
12.0,695000.0,APARTMENT
99.0,3495000.0,ROW_HOUSE
175.0,5500000.0,HOUSE
35.0,1795000.0,APARTMENT
66.0,2845000.0,APARTMENT
85.0,3750000.0,APARTMENT
229.0,7795000.0,HOUSE
40.0,2195000.0,APARTMENT
79.5,3195000.0,APARTMENT
80.0,950000.0,APARTMENT
60.0,4650000.0,APARTMENT
76.0,5790000.0,APARTMENT
41.0,5495000.0,APARTMENT
54.0,2495000.0,APARTMENT
38.5,1395000.0,APARTMENT
139.0,7500000.0,APARTMENT
53.0,1295000.0,APARTMENT
73.1,1500000.0,APARTMENT
51.5,1245000.0,APARTMENT
125.0,3200000.0,ROW_HOUSE
69.0,1495000.0,APARTMENT
128.0,3995000.0,APARTMENT
116.0,4900000.0,HOUSE
156.0,2295000.0,HOUSE
53.0,2995000.0,APARTMENT
86.0,950000.0,APARTMENT
41.0,2995000.0,APARTMENT
117.0,2795000.0,ROW_HOUSE
72.0,5795000.0,APARTMENT
99.0,3595000.0,ROW_HOUSE
48.0,2350000.0,APARTMENT
118.0,2995000.0,ROW_HOUSE
60.0,5995000.0,APARTMENT
73.0,2595000.0,APARTMENT
66.8,1945000.0,APARTMENT
39.0,1695000.0,APARTMENT
81.5,2495000.0,APARTMENT
80.0,4250000.0,APARTMENT
37.0,1795000.0,APARTMENT
67.9,1295000.0,APARTMENT
60.0,3450000.0,APARTMENT
48.5,3895000.0,APARTMENT
76.0,2795000.0,APARTMENT
55.0,1795000.0,APARTMENT
93.0,2900000.0,ROW_HOUSE
63.0,5895000.0,APARTMENT
80.0,250000.0,APARTMENT
45.0,1695000.0,APARTMENT
140.0,4250000.0,HOUSE
40.0,1995000.0,APARTMENT
30.0,395000.0,HOUSE
53.0,2295000.0,APARTMENT
82.0,995000.0,APARTMENT
240.0,1395000.0,HOUSE
54.0,2450000.0,APARTMENT
71.0,1595000.0,APARTMENT
70.0,1595000.0,APARTMENT
75.0,3995000.0,APARTMENT
137.0,6690000.0,ROW_HOUSE
49.0,4995000.0,APARTMENT
79.0,2995000.0,APARTMENT
41.0,1995000.0,APARTMENT
304.0,4495000.0,HOUSE
390.0,5990000.0,HOUSE
54.0,2795000.0,APARTMENT
83.0,2095000.0,ROW_HOUSE
37.0,1595000.0,APARTMENT
55.0,500000.0,HOUSE
114.6,3795000.0,ROW_HOUSE
23.5,850000.0,APARTMENT
85.0,1995000.0,APARTMENT
45.0,2650000.0,APARTMENT
125.0,1300000.0,HOUSE
155.0,4495000.0,HOUSE
164.0,2250000.0,HOUSE
46.0,500000.0,APARTMENT
41.0,1650000.0,APARTMENT
31.0,1595000.0,APARTMENT
228.0,4995000.0,ROW_HOUSE
67.0,3475000.0,APARTMENT
151.0,2300000.0,HOUSE
109.0,2695000.0,ROW_HOUSE
41.7,995000.0,APARTMENT
88.0,3495000.0,APARTMENT
77.5,3195000.0,APARTMENT
86.5,1695000.0,APARTMENT
107.0,2695000.0,APARTMENT
42.0,1195000.0,APARTMENT
63.0,1850000.0,APARTMENT
98.0,5700000.0,APARTMENT
82.5,1095000.0,APARTMENT
176.0,2175000.0,HOUSE
80.5,2250000.0,APARTMENT
390.0,7895000.0,HOUSE
37.0,2195000.0,APARTMENT
23.0,1445000.0,APARTMENT
66.0,2495000.0,APARTMENT
107.0,6245000.0,APARTMENT
100.0,3095000.0,APARTMENT
46.0,1450000.0,APARTMENT
44.0,2390000.0,APARTMENT
53.5,2995000.0,APARTMENT
93.0,3600000.0,APARTMENT
69.5,2350000.0,APARTMENT
44.0,1195000.0,APARTMENT
55.0,2495000.0,APARTMENT
70.0,3950000.0,APARTMENT
95.5,2595000.0,APARTMENT
45.5,895000.0,APARTMENT
70.5,625000.0,APARTMENT
84.0,2995000.0,APARTMENT
51.0,2295000.0,APARTMENT
17.0,1095000.0,APARTMENT
32.0,1395000.0,APARTMENT
134.0,3595000.0,ROW_HOUSE
270.0,2725000.0,HOUSE
250.0,3100000.0,HOUSE
113.7,2395000.0,APARTMENT
43.5,1590000.0,APARTMENT
39.0,1850000.0,APARTMENT
71.0,2395000.0,APARTMENT
40.0,1495000.0,APARTMENT
81.0,2645000.0,APARTMENT
89.0,3190000.0,APARTMENT
53.5,1350000.0,APARTMENT
24.0,295000.0,APARTMENT
206.0,1195000.0,HOUSE
80.0,3975000.0,APARTMENT
147.0,1995000.0,HOUSE
55.0,2995000.0,APARTMENT
61.0,1995000.0,APARTMENT
83.0,9895000.0,APARTMENT
62.0,2650000.0,APARTMENT
81.0,2845000.0,APARTMENT
99.0,1895000.0,APARTMENT
64.7,2690000.0,APARTMENT
77.0,2195000.0,APARTMENT
116.0,4750000.0,HOUSE
63.0,2300000.0,APARTMENT
116.0,485000.0,APARTMENT
53.0,1300000.0,APARTMENT
223.0,8975000.0,HOUSE
64.0,4250000.0,APARTMENT
33.5,1050000.0,APARTMENT
92.0,850000.0,HOUSE
25.0,1195000.0,APARTMENT
119.0,2795000.0,HOUSE
75.0,2250000.0,APARTMENT
80.0,2995000.0,APARTMENT
74.0,1795000.0,APARTMENT
55.5,475000.0,APARTMENT
151.0,4995000.0,HOUSE
29.0,1975000.0,APARTMENT
41.5,695000.0,APARTMENT
117.0,2695000.0,ROW_HOUSE
149.0,4450000.0,HOUSE
104.0,1995000.0,HOUSE
185.0,4595000.0,HOUSE
89.0,4795000.0,HOUSE
119.0,7315000.0,HOUSE
24.5,110000.0,APARTMENT
158.0,3475000.0,HOUSE
83.0,3995000.0,APARTMENT
43.0,875000.0,APARTMENT
71.0,3295000.0,APARTMENT
112.0,6575000.0,APARTMENT
93.5,1695000.0,APARTMENT
125.0,4650000.0,ROW_HOUSE
162.0,3495000.0,HOUSE
154.0,5350000.0,HOUSE
21.0,795000.0,APARTMENT
102.0,1995000.0,APARTMENT
170.0,4195000.0,HOUSE
46.0,2395000.0,APARTMENT
160.0,2875000.0,ROW_HOUSE
94.0,3595000.0,APARTMENT
135.0,5195000.0,ROW_HOUSE
23.5,2195000.0,APARTMENT
115.0,2495000.0,APARTMENT
41.5,595000.0,APARTMENT
45.6,2595000.0,APARTMENT
51.0,1750000.0,APARTMENT
33.0,1445000.0,APARTMENT
176.0,7995000.0,HOUSE
52.0,2795000.0,APARTMENT
99.0,1250000.0,APARTMENT
96.0,3200000.0,HOUSE
67.5,950000.0,APARTMENT
227.0,2995000.0,HOUSE
51.0,2595000.0,APARTMENT
84.0,3295000.0,APARTMENT
120.0,5395000.0,ROW_HOUSE
156.0,1595000.0,HOUSE
167.0,1495000.0,HOUSE
39.0,2795000.0,APARTMENT
121.0,2850000.0,APARTMENT
49.0,5995000.0,APARTMENT
54.0,3350000.0,APARTMENT
80.0,2695000.0,APARTMENT
124.0,2595000.0,APARTMENT
109.0,3895500.0,ROW_HOUSE
53.0,2195000.0,APARTMENT
120.0,2875000.0,APARTMENT
57.0,1750000.0,APARTMENT
66.0,1795000.0,APARTMENT
125.0,3195000.0,HOUSE
42.5,920000.0,APARTMENT
140.0,5495000.0,HOUSE
55.0,3195000.0,APARTMENT
53.5,800000.0,APARTMENT
99.0,2850000.0,HOUSE
72.9,3295000.0,APARTMENT
84.0,2695000.0,APARTMENT
64.2,1495000.0,APARTMENT
65.0,1695000.0,APARTMENT
68.8,1795000.0,APARTMENT
103.0,2750000.0,APARTMENT
59.0,1195000.0,APARTMENT
61.5,2995000.0,APARTMENT
51.0,5595000.0,APARTMENT
98.0,3750000.0,ROW_HOUSE
84.0,3550000.0,APARTMENT
48.0,1995000.0,APARTMENT
44.0,1195000.0,APARTMENT
42.0,1150000.0,APARTMENT
207.0,2595000.0,HOUSE
56.0,1795000.0,APARTMENT
68.0,3950000.0,APARTMENT
110.0,2195000.0,ROW_HOUSE
196.0,2990000.0,HOUSE
141.0,6495000.0,HOUSE
86.0,6695000.0,APARTMENT
145.0,2495000.0,HOUSE
52.0,2149000.0,APARTMENT
156.0,5095000.0,HOUSE
108.0,3595000.0,ROW_HOUSE
46.0,5895000.0,APARTMENT
179.0,3700000.0,ROW_HOUSE
48.0,1295000.0,APARTMENT
85.0,4795000.0,APARTMENT
108.0,3195000.0,APARTMENT
122.0,3795000.0,ROW_HOUSE
239.0,5785000.0,HOUSE
35.0,1495000.0,APARTMENT
199.0,4150000.0,HOUSE
43.0,1275000.0,APARTMENT
36.0,1095000.0,APARTMENT
112.0,2900000.0,ROW_HOUSE
35.0,1895000.0,APARTMENT
94.0,2695000.0,APARTMENT
87.0,3750000.0,APARTMENT
181.0,4495000.0,HOUSE
120.0,1040000.0,APARTMENT
94.0,3795000.0,APARTMENT
52.0,2100000.0,APARTMENT
63.9,2300000.0,APARTMENT
62.6,2595000.0,APARTMENT
132.0,1750000.0,HOUSE
80.0,2875000.0,APARTMENT
182.0,895000.0,HOUSE
105.0,5695000.0,APARTMENT
82.0,1495000.0,APARTMENT
43.0,2395000.0,APARTMENT
60.5,2350000.0,APARTMENT
29.0,2490000.0,APARTMENT
40.0,1595000.0,APARTMENT
97.0,3995000.0,APARTMENT
207.0,3395000.0,HOUSE
58.0,3850000.0,APARTMENT
55.0,3850000.0,APARTMENT
58.0,4695000.0,APARTMENT
30.5,1195000.0,APARTMENT
293.0,1700000.0,HOUSE
61.5,795000.0,APARTMENT
53.0,1595000.0,APARTMENT
146.0,1695000.0,HOUSE
98.0,4795000.0,APARTMENT
37.0,1295000.0,APARTMENT
239.0,4995000.0,HOUSE
54.0,2395000.0,APARTMENT
117.5,1695000.0,ROW_HOUSE
136.0,3295000.0,HOUSE
228.0,2500000.0,HOUSE
33.0,1950000.0,APARTMENT
48.0,1995000.0,APARTMENT
112.0,2995000.0,APARTMENT
42.0,3295000.0,APARTMENT
133.0,995000.0,HOUSE
57.0,2795000.0,APARTMENT
117.0,2800000.0,HOUSE
43.0,995000.0,APARTMENT
147.0,3295000.0,APARTMENT
104.0,9950000.0,APARTMENT
41.0,895000.0,APARTMENT
56.5,795000.0,APARTMENT
82.0,2795000.0,APARTMENT
52.0,1995000.0,APARTMENT
210.0,4990000.0,HOUSE
19.5,550000.0,APARTMENT
97.0,5100000.0,APARTMENT
112.5,8000000.0,APARTMENT
58.0,2295000.0,HOUSE
113.0,6495000.0,APARTMENT
39.0,1495000.0,APARTMENT
180.0,2800000.0,HOUSE
146.0,8995000.0,HOUSE
57.0,1495000.0,APARTMENT
36.0,2295000.0,APARTMENT
62.0,1250000.0,APARTMENT
64.0,1395000.0,APARTMENT
79.0,2495000.0,APARTMENT
31.0,895000.0,APARTMENT
79.5,2950000.0,APARTMENT
70.0,3600000.0,APARTMENT
133.0,1950000.0,HOUSE
218.0,2195000.0,HOUSE
44.0,1695000.0,APARTMENT
80.0,1195000.0,APARTMENT
219.0,4950000.0,HOUSE
120.0,2350000.0,ROW_HOUSE
85.0,4650000.0,APARTMENT
334.0,3995000.0,HOUSE
55.0,1250000.0,APARTMENT
186.0,2750000.0,ROW_HOUSE
79.0,2375000.0,APARTMENT
72.0,2375000.0,APARTMENT
46.0,3395000.0,APARTMENT
33.5,1195000.0,APARTMENT
380.0,7995000.0,HOUSE
123.0,5395000.0,ROW_HOUSE
66.9,1595000.0,APARTMENT
85.0,2495000.0,APARTMENT
61.0,2450000.0,APARTMENT
38.3,1695000.0,APARTMENT
135.3,4450000.0,ROW_HOUSE
88.0,3845000.0,APARTMENT
141.0,3850000.0,HOUSE
123.0,3875000.0,APARTMENT
234.0,8500000.0,HOUSE
55.5,975000.0,APARTMENT
139.0,3795000.0,HOUSE
26.5,795000.0,APARTMENT
119.0,3150000.0,ROW_HOUSE
74.9,1875000.0,APARTMENT
102.9,3195000.0,APARTMENT
38.0,995000.0,APARTMENT
68.5,1150000.0,APARTMENT
34.0,1350000.0,APARTMENT
85.0,1995000.0,APARTMENT
101.0,2795000.0,ROW_HOUSE
56.0,2350000.0,APARTMENT
93.0,2890000.0,APARTMENT
50.0,1150000.0,APARTMENT
166.0,2295000.0,HOUSE
62.0,780000.0,APARTMENT
200.0,3995000.0,HOUSE
220.0,4990000.0,HOUSE
66.0,1195000.0,APARTMENT
40.0,795000.0,APARTMENT
76.0,2195000.0,APARTMENT
32.0,1695000.0,APARTMENT
110.0,2500000.0,HOUSE
70.0,2095000.0,APARTMENT
183.0,5495000.0,HOUSE
152.0,5895000.0,HOUSE
70.0,2150000.0,ROW_HOUSE
83.0,2650000.0,APARTMENT
45.0,457000.0,APARTMENT
101.0,2250000.0,APARTMENT
32.0,995000.0,APARTMENT
52.5,495000.0,APARTMENT
79.5,3195000.0,APARTMENT
48.0,2995000.0,APARTMENT
168.0,3935000.0,APARTMENT
81.0,2795000.0,APARTMENT
107.0,1675000.0,APARTMENT
47.0,1295000.0,APARTMENT
86.0,850000.0,APARTMENT
92.0,2995000.0,APARTMENT
66.0,2480000.0,APARTMENT
77.0,4675000.0,APARTMENT
180.0,4200000.0,HOUSE
63.0,1495000.0,APARTMENT
57.0,2750000.0,APARTMENT
101.0,950000.0,HOUSE
92.0,3095000.0,APARTMENT
392.0,5795000.0,HOUSE
250.0,2495000.0,HOUSE
55.0,2395000.0,APARTMENT
60.4,1695000.0,APARTMENT
39.0,1395000.0,APARTMENT
51.0,1795000.0,APARTMENT
54.0,1425000.0,APARTMENT
56.0,1950000.0,APARTMENT
117.0,2997500.0,ROW_HOUSE
32.0,3595000.0,APARTMENT
142.5,2895000.0,HOUSE
47.0,1050000.0,APARTMENT
185.0,5695000.0,HOUSE
219.0,650000.0,HOUSE
76.0,4650000.0,APARTMENT
78.3,3950000.0,APARTMENT
71.0,2150000.0,APARTMENT
180.0,7690000.0,HOUSE
96.0,8995000.0,APARTMENT
84.8,2495000.0,APARTMENT
222.0,5200000.0,HOUSE
34.5,725000.0,APARTMENT
79.7,2095000.0,APARTMENT
145.0,1295000.0,HOUSE
125.0,6295000.0,ROW_HOUSE
159.0,5495000.0,HOUSE
122.0,2495000.0,HOUSE
48.6,2100000.0,APARTMENT
76.5,1395000.0,APARTMENT
112.0,4795000.0,APARTMENT
64.0,2695000.0,APARTMENT
70.0,2295000.0,APARTMENT
56.9,680000.0,APARTMENT
108.0,3350000.0,APARTMENT
90.0,1495000.0,APARTMENT
128.0,2995000.0,HOUSE
53.0,725000.0,APARTMENT
90.0,2750000.0,APARTMENT
119.0,4195000.0,ROW_HOUSE
88.0,5495000.0,APARTMENT
129.0,5175000.0,HOUSE
139.0,995000.0,HOUSE
60.0,2250000.0,APARTMENT
66.0,2495000.0,APARTMENT
57.0,1185000.0,APARTMENT
55.0,2495000.0,APARTMENT
30.9,1995000.0,APARTMENT
165.0,2495000.0,HOUSE
107.0,950000.0,HOUSE
55.5,1295000.0,APARTMENT
62.0,1800000.0,APARTMENT
51.0,3995000.0,APARTMENT
106.0,3900000.0,APARTMENT
28.0,695000.0,APARTMENT
178.0,1995000.0,HOUSE
72.0,5950000.0,APARTMENT
70.0,995000.0,APARTMENT
66.0,2495000.0,APARTMENT
102.5,2790000.0,ROW_HOUSE
55.0,1595000.0,APARTMENT
44.5,1395000.0,APARTMENT
40.9,495000.0,APARTMENT
37.5,275000.0,APARTMENT
20.0,2725000.0,APARTMENT
86.6,2075000.0,APARTMENT
87.0,4695000.0,APARTMENT
62.5,3150000.0,APARTMENT
45.0,2495000.0,APARTMENT
72.0,1895000.0,APARTMENT
170.0,4750000.0,HOUSE
93.0,2995000.0,APARTMENT
24.0,2195000.0,APARTMENT
70.0,4695000.0,APARTMENT
54.0,5395000.0,APARTMENT
45.0,2840000.0,APARTMENT
238.0,8995000.0,HOUSE
44.0,2250000.0,APARTMENT
200.0,2675000.0,HOUSE
72.0,3495000.0,APARTMENT
54.0,1750000.0,APARTMENT
110.0,2250000.0,APARTMENT
109.0,4490000.0,APARTMENT
75.0,850000.0,APARTMENT
128.0,2100000.0,HOUSE
333.0,4395000.0,HOUSE
42.0,2295000.0,APARTMENT
70.0,1995000.0,APARTMENT
113.0,4195000.0,APARTMENT
231.0,995000.0,HOUSE
87.0,3495000.0,APARTMENT
32.0,925000.0,APARTMENT
94.0,1945000.0,HOUSE
123.0,5300000.0,HOUSE
150.0,2550000.0,APARTMENT
41.5,795000.0,APARTMENT
70.0,2195000.0,APARTMENT
242.0,1550000.0,HOUSE
103.0,6195000.0,APARTMENT
40.5,1395000.0,APARTMENT
197.0,4950000.0,HOUSE
95.0,3750000.0,APARTMENT
39.0,3195000.0,APARTMENT
55.0,2750000.0,APARTMENT
76.0,2295000.0,HOUSE
77.5,1145000.0,APARTMENT
184.0,3950000.0,HOUSE
63.5,1345000.0,APARTMENT
132.0,3300000.0,HOUSE
50.0,2200000.0,APARTMENT
76.5,650000.0,APARTMENT
65.0,1100000.0,APARTMENT
55.0,1490000.0,APARTMENT
84.0,2395000.0,APARTMENT
36.0,1895000.0,APARTMENT
70.0,2495000.0,APARTMENT
78.0,3700000.0,APARTMENT
90.0,2995000.0,APARTMENT
106.0,100000.0,HOUSE
82.0,1195000.0,APARTMENT
138.0,5595000.0,APARTMENT
41.0,1150000.0,APARTMENT
63.0,1895000.0,APARTMENT
72.0,1850000.0,APARTMENT
51.0,1995000.0,APARTMENT
103.0,2600000.0,HOUSE
83.5,1150000.0,APARTMENT
78.0,2245000.0,APARTMENT
26.0,2095000.0,APARTMENT
30.0,1390000.0,APARTMENT
58.0,3095000.0,APARTMENT
81.0,3595000.0,APARTMENT
56.0,2695000.0,APARTMENT
52.0,675000.0,APARTMENT
44.5,1495000.0,APARTMENT
24.0,2750000.0,APARTMENT
81.0,2000000.0,APARTMENT
80.0,1400000.0,APARTMENT
205.0,5975000.0,HOUSE
178.0,3995000.0,HOUSE
147.4,8750000.0,APARTMENT
71.0,2795000.0,APARTMENT
169.0,1595000.0,HOUSE
180.0,8700000.0,HOUSE
197.0,5000000.0,HOUSE
100.4,1595000.0,ROW_HOUSE
78.0,995000.0,APARTMENT
89.0,4395000.0,APARTMENT
59.7,2050000.0,APARTMENT
234.0,5795000.0,HOUSE
61.1,1995000.0,APARTMENT
99.0,3600000.0,APARTMENT
62.0,2295000.0,APARTMENT
39.0,5795000.0,APARTMENT
62.5,1195000.0,APARTMENT
71.5,490000.0,APARTMENT
168.0,2700000.0,APARTMENT
44.0,780000.0,APARTMENT
107.0,4295000.0,ROW_HOUSE
47.0,2175000.0,APARTMENT
43.0,2095000.0,APARTMENT
70.0,2195000.0,APARTMENT
213.0,3995000.0,HOUSE
75.4,1995000.0,APARTMENT
86.0,3195000.0,APARTMENT
151.3,8961000.0,HOUSE
59.0,1350000.0,APARTMENT
36.0,4950000.0,APARTMENT
39.0,2695000.0,APARTMENT
60.0,2995000.0,APARTMENT
57.0,1645000.0,APARTMENT
230.0,9295000.0,HOUSE
56.0,2695000.0,APARTMENT
200.0,2495000.0,HOUSE
172.0,1595000.0,HOUSE
77.0,1495000.0,APARTMENT
258.0,6900000.0,HOUSE
113.6,2095000.0,APARTMENT
40.5,3495000.0,APARTMENT
82.0,895000.0,APARTMENT
91.0,4075000.0,APARTMENT
130.0,5195000.0,HOUSE
28.0,995000.0,APARTMENT
81.0,2595000.0,APARTMENT
23.0,1495000.0,APARTMENT
42.0,795000.0,APARTMENT
78.0,3695000.0,APARTMENT
35.5,1595000.0,APARTMENT
79.0,2475000.0,HOUSE
56.0,1450000.0,APARTMENT
95.0,4995000.0,APARTMENT
162.0,6750000.0,HOUSE
93.0,3395000.0,APARTMENT
165.0,5500000.0,HOUSE
55.0,1650000.0,APARTMENT
79.0,450000.0,APARTMENT
66.5,395000.0,APARTMENT
65.5,1395000.0,APARTMENT
67.0,1100000.0,APARTMENT
67.0,1095000.0,APARTMENT
50.0,595000.0,APARTMENT
396.0,1200000.0,HOUSE
43.0,2595000.0,APARTMENT
147.0,6995000.0,HOUSE
55.0,2895000.0,APARTMENT
72.0,1995000.0,APARTMENT
72.4,2095000.0,ROW_HOUSE
31.0,1095000.0,APARTMENT
272.0,2000000.0,HOUSE
75.2,1395000.0,APARTMENT
101.0,3750000.0,HOUSE
55.0,2390000.0,APARTMENT
200.0,8995000.0,HOUSE
280.0,5295000.0,HOUSE
33.5,255000.0,APARTMENT
144.0,4295000.0,ROW_HOUSE
68.0,1650000.0,APARTMENT
91.5,2995000.0,APARTMENT
80.0,1395000.0,APARTMENT
38.0,2250000.0,APARTMENT
56.0,1175000.0,APARTMENT
61.5,2395000.0,APARTMENT
99.0,2395000.0,ROW_HOUSE
162.0,7295000.0,APARTMENT
122.0,4995000.0,ROW_HOUSE
241.0,1600000.0,HOUSE
76.5,2295000.0,APARTMENT
49.0,1275000.0,APARTMENT
95.0,3295000.0,APARTMENT
110.0,3250000.0,HOUSE
42.0,1495000.0,APARTMENT
84.0,960000.0,APARTMENT
117.0,2790000.0,ROW_HOUSE
74.7,3495000.0,APARTMENT
35.0,725000.0,APARTMENT
249.0,1995000.0,HOUSE
54.2,2650000.0,APARTMENT
40.0,2199000.0,APARTMENT
36.5,1050000.0,APARTMENT
56.0,3550000.0,APARTMENT
107.0,3495000.0,APARTMENT
58.0,895000.0,APARTMENT
44.0,1125000.0,APARTMENT
114.0,3450000.0,APARTMENT
63.0,2295000.0,APARTMENT
77.0,995000.0,APARTMENT
156.0,5895000.0,APARTMENT
29.0,1595000.0,APARTMENT
182.0,1495000.0,HOUSE
127.0,4495000.0,HOUSE
63.0,2200000.0,APARTMENT
106.0,1350000.0,APARTMENT
159.0,8500000.0,ROW_HOUSE
55.0,1295000.0,APARTMENT
50.0,4950000.0,APARTMENT
125.0,4190000.0,ROW_HOUSE
111.0,2995000.0,APARTMENT
37.0,2695000.0,APARTMENT
54.0,4795000.0,APARTMENT
189.0,5200000.0,ROW_HOUSE
89.0,2600000.0,APARTMENT
72.0,1295000.0,APARTMENT
147.0,4750000.0,HOUSE
52.5,3350000.0,APARTMENT
80.0,1495000.0,APARTMENT
77.5,1695000.0,APARTMENT
62.0,995000.0,APARTMENT
44.0,1795000.0,APARTMENT
59.5,2395000.0,APARTMENT
50.0,2645000.0,APARTMENT
66.0,1595000.0,APARTMENT
135.0,6495000.0,APARTMENT
92.0,2400000.0,APARTMENT
188.0,5795000.0,HOUSE
61.0,2950000.0,APARTMENT
78.0,5495000.0,APARTMENT
68.5,2095000.0,APARTMENT
54.2,1875000.0,APARTMENT
81.0,1695000.0,APARTMENT
29.4,1995000.0,APARTMENT
64.9,1830000.0,APARTMENT
34.0,1995000.0,APARTMENT
62.0,1800000.0,APARTMENT
137.0,3995000.0,HOUSE
30.0,2150000.0,APARTMENT
50.0,1450000.0,APARTMENT
126.0,5695000.0,ROW_HOUSE
83.8,2250000.0,APARTMENT
117.0,3350000.0,HOUSE
59.5,2695000.0,APARTMENT
121.0,4195000.0,ROW_HOUSE
104.0,1300000.0,APARTMENT
175.0,3750000.0,APARTMENT
63.4,2695000.0,APARTMENT
52.0,3150000.0,APARTMENT
93.5,2795000.0,ROW_HOUSE
120.0,4295000.0,HOUSE
156.0,6250000.0,HOUSE
32.9,1150000.0,APARTMENT
371.0,895000.0,HOUSE
162.0,4195000.0,HOUSE
54.0,1395000.0,APARTMENT
51.1,1995000.0,APARTMENT
48.0,1850000.0,APARTMENT
34.0,1495000.0,APARTMENT
71.0,3395000.0,APARTMENT
42.5,295000.0,APARTMENT
81.5,2695000.0,APARTMENT
66.0,1850000.0,APARTMENT
170.0,3195000.0,HOUSE
110.0,3295000.0,ROW_HOUSE
335.0,4495000.0,HOUSE
58.2,3350000.0,APARTMENT
140.0,2495000.0,HOUSE
63.5,1495000.0,APARTMENT
107.0,2145000.0,APARTMENT
155.0,5295000.0,HOUSE
93.0,1600000.0,ROW_HOUSE
112.5,2595000.0,APARTMENT
64.0,1095000.0,APARTMENT
83.0,1795000.0,APARTMENT
86.0,6895000.0,APARTMENT
109.0,2295000.0,ROW_HOUSE
105.0,8250000.0,APARTMENT
46.1,2495000.0,APARTMENT
97.0,2295000.0,APARTMENT
60.5,1350000.0,APARTMENT
271.0,4395000.0,HOUSE
277.0,6950000.0,HOUSE
63.0,6295000.0,APARTMENT
108.0,2795000.0,HOUSE
223.0,4950000.0,HOUSE
180.0,1100000.0,HOUSE
38.0,595000.0,APARTMENT
56.9,2495000.0,APARTMENT
40.0,1890000.0,APARTMENT
67.0,3900000.0,APARTMENT
45.0,2300000.0,APARTMENT
38.0,795000.0,APARTMENT
201.0,995000.0,HOUSE
35.0,2995000.0,APARTMENT
52.0,1750000.0,APARTMENT
39.0,375000.0,APARTMENT
58.0,2450000.0,APARTMENT
136.3,4995000.0,HOUSE
67.0,3250000.0,APARTMENT
51.0,3225000.0,APARTMENT
40.0,795000.0,APARTMENT
52.0,1795000.0,APARTMENT
103.0,7495000.0,APARTMENT
117.0,2600000.0,ROW_HOUSE
139.0,2195000.0,HOUSE
69.6,1350000.0,APARTMENT
105.7,875000.0,APARTMENT
137.0,4750000.0,ROW_HOUSE
58.0,1175000.0,APARTMENT
29.0,2150000.0,APARTMENT
70.0,695000.0,HOUSE
67.5,395000.0,APARTMENT
83.6,1750000.0,APARTMENT
53.5,2690000.0,APARTMENT
306.0,6975000.0,HOUSE
84.0,1495000.0,APARTMENT
134.0,2295000.0,HOUSE
55.0,1895000.0,APARTMENT
90.0,5150000.0,APARTMENT
19.0,670000.0,APARTMENT
82.5,1495000.0,APARTMENT
31.0,1295000.0,APARTMENT
78.0,2750000.0,APARTMENT
66.9,1495000.0,APARTMENT
63.0,2650000.0,APARTMENT
290.0,850000.0,HOUSE
60.0,2445000.0,APARTMENT
53.0,1395000.0,APARTMENT
187.0,7995000.0,HOUSE
53.0,1940000.0,APARTMENT
80.0,3995000.0,HOUSE
60.0,1895000.0,APARTMENT
59.9,5100000.0,APARTMENT
35.7,2495000.0,APARTMENT
218.0,2995000.0,HOUSE
96.0,5695000.0,APARTMENT
118.0,2875000.0,HOUSE
117.0,3200000.0,ROW_HOUSE
206.0,1775000.0,HOUSE
161.0,2295000.0,HOUSE
76.0,1495000.0,APARTMENT
228.0,4150000.0,HOUSE
65.5,995000.0,APARTMENT
104.0,7695000.0,APARTMENT
127.0,2450000.0,HOUSE
50.0,275000.0,APARTMENT
58.0,2490000.0,APARTMENT
84.0,895000.0,APARTMENT
68.0,2750000.0,APARTMENT
82.3,1795000.0,APARTMENT
81.0,1795000.0,APARTMENT
279.0,2995000.0,HOUSE
132.0,1475000.0,HOUSE
225.0,2995000.0,HOUSE
115.0,3795000.0,APARTMENT
178.0,4695000.0,HOUSE
24.0,1295000.0,APARTMENT
165.0,4095000.0,HOUSE
69.5,2595000.0,APARTMENT
48.5,1195000.0,APARTMENT
100.0,3645000.0,APARTMENT
71.0,1695000.0,APARTMENT
20.0,1395000.0,APARTMENT
48.5,3795000.0,APARTMENT
103.0,2695000.0,APARTMENT
61.8,995000.0,APARTMENT
290.0,5295000.0,HOUSE
35.5,1695000.0,APARTMENT
49.0,3850000.0,APARTMENT
65.0,850000.0,APARTMENT
180.0,8600000.0,HOUSE
126.0,5895000.0,HOUSE
79.0,9495000.0,APARTMENT
100.0,2500000.0,ROW_HOUSE
268.0,4200000.0,HOUSE
49.0,1795000.0,APARTMENT
51.5,995000.0,APARTMENT
85.0,1395000.0,APARTMENT
96.0,2275000.0,APARTMENT
56.0,4695000.0,APARTMENT
91.0,2295000.0,APARTMENT
185.0,5495000.0,HOUSE
26.0,395000.0,APARTMENT
43.4,4295000.0,APARTMENT
287.0,8750000.0,HOUSE
39.5,1450000.0,APARTMENT
138.0,3300000.0,ROW_HOUSE
130.0,1295000.0,HOUSE
52.0,1435000.0,APARTMENT
132.6,3950000.0,HOUSE
49.0,2475000.0,APARTMENT
300.0,7995000.0,HOUSE
68.0,3595000.0,APARTMENT
16.0,1295000.0,APARTMENT
97.0,3795000.0,APARTMENT
28.2,1150000.0,APARTMENT
42.0,1095000.0,APARTMENT
39.0,2495000.0,APARTMENT
33.0,1585000.0,APARTMENT
50.0,2895000.0,APARTMENT
69.0,3145000.0,APARTMENT
58.0,895000.0,APARTMENT
63.5,945000.0,APARTMENT
99.0,1795000.0,APARTMENT
81.0,3195000.0,APARTMENT
66.0,2250000.0,APARTMENT
45.0,1995000.0,APARTMENT
106.5,3295000.0,APARTMENT
42.0,2750000.0,APARTMENT
80.0,4695000.0,APARTMENT
145.0,4195000.0,ROW_HOUSE
135.0,3450000.0,ROW_HOUSE
52.0,3495000.0,APARTMENT
140.5,6395000.0,APARTMENT
100.0,3695000.0,APARTMENT
54.5,1495000.0,APARTMENT
233.0,2595000.0,HOUSE
45.0,2695000.0,APARTMENT
80.4,2295000.0,APARTMENT
81.0,2295000.0,APARTMENT
142.0,4695000.0,ROW_HOUSE
168.0,1625000.0,HOUSE
347.0,1895000.0,HOUSE
59.0,2195000.0,APARTMENT
76.0,1795000.0,APARTMENT
38.7,1750000.0,APARTMENT
190.0,5200000.0,HOUSE
55.0,1695000.0,APARTMENT
58.0,3480000.0,APARTMENT
230.0,3395000.0,HOUSE
54.0,1750000.0,APARTMENT
65.5,1795000.0,APARTMENT
86.5,1595000.0,APARTMENT
66.0,4295000.0,APARTMENT
53.5,4250000.0,APARTMENT
93.0,9750000.0,APARTMENT
208.0,2395000.0,HOUSE
180.0,2250000.0,HOUSE
51.0,1850000.0,APARTMENT
205.0,1495000.0,HOUSE
52.0,1495000.0,APARTMENT
301.0,2950000.0,HOUSE
76.0,1595000.0,APARTMENT
201.0,2650000.0,HOUSE
83.0,1850000.0,APARTMENT
75.0,2095000.0,APARTMENT
164.0,6250000.0,HOUSE
35.5,1480000.0,APARTMENT
65.0,2395000.0,APARTMENT
39.5,1395000.0,APARTMENT
